kGuxoCzx2m7qtpbisp808bSG_Ll,Altered,5,6,7,8,10
KcGk8teSDpK1zN08rgRd17D0Kic,Altered,5,6,7,8,10
vYZn1X2_ser5jLs84QtslPPt3R9,Altered,5,6,7,8,10
9rQ4FKhYa5Kr9ZEDeEYfpZxV0Ll,Altered,5,6,7,8,10
Fb9CNvbcYzAmHCPVTdzZQl1AbW3,Altered,5,6,7,8,10
lqmnWVBR01cZrMIwuXnQ3s0OTCf,Altered,5,6,7,8,10
1fAJTCPxlMBbyZkU_LwZPCOt7Hf,Altered,5,6,7,8,10
eHC5ISXvgtuXkfqTIuo_7SPEkGa,Altered,5,6,7,8,10
eKJGBx5y69qnhnlCiWx4fzIvzdl,Altered,5,6,7,8,10
T_Y6pFuH9b9feIbjknbwfpGr_Nf,Altered,5,6,7,8,10
s5cxMz2uFrdWPBfEsMOaNbHXhkk,Altered,5,6,7,8,10
CKIw7Esq_twQW4_aqxZokhv3_Ed,Altered,5,6,7,8,10
DPKE59_e_1bo2l0lDfIyfZcQW7h,Altered,5,6,7,8,10
toPQhv5EHBv3bzMYgQ6usZXTYu,Altered,5,6,7,8,10
4aY76oCReLnzSEzn8Z9eqRQLzEc,Altered,5,6,7,8,10
NsxnC2rYUzbXu6dmyhrVoo74hd8,Altered,5,6,7,8,10
p6FCRONczbDSfKOizt3Z3ImUDk1,Altered,5,6,7,8,10
PGqb39RgSsDek2oZOHytdNZNSJ1,Altered,5,6,7,8,10
wIWz8ad60INLbxgqbupEXb_0KZl,Altered,5,6,7,8,10
MTPMOlln7Q1pslnJ1KkPuGlmfL0,Altered,5,6,7,8,10
R_FDzCd5dU86mkk7bpkY4PzrNFe,Altered,5,6,7,8,10
xZoZx4u5uGqXg0hDUwvZRUV3atb,Altered,5,6,7,8,10
t0DqO4AQTaHZsxpsNRgRgcOn45d,Altered,5,6,7,8,10
BXgsnWOz7UI0mxCaf10T4AvJRUe,Altered,5,6,7,8,10
gd6gvjmr5gIKMCQY25jinh30bzi,Altered,5,6,7,8,10
Z7FnzTJ7aYABBikqctNUxhmAMIc,Altered,5,6,7,8,10
nQe4YpAkQ8jBDI52WZtkkRnJXVj,Altered,5,6,7,8,10
FOijLpmzfHg_Ly1eYVvYULrZqbg,Altered,5,6,7,8,10
xCOBIXpQEjcZbBaa9jUEZ2so5m1,Altered,5,6,7,8,10
Uh4Eao1zcQbMoGJu9iBxftdN8e6,Altered,5,6,7,8,10
c3UiFGifNu1tdvaSKvCU30Mhzsj,Altered,5,6,7,8,10
Yqgao2UTIvVDe9loMRJcjXlEl10,Altered,5,6,7,8,10
wTMClYDfN26LVUbtzMg_gCHFlIb,Altered,5,6,7,8,10
s8oaNodQOqvLBR7IHCSUpoJmuk3,Altered,5,6,7,8,10
FL_RhgffT0bjySXZa4f38wAsgrb,Altered,5,6,7,8,10
CGxNqFxLKpESZBO6ZTAGohJglv3,Altered,5,6,7,8,10
u27_uoOSKT7jq61WtGhgKzlYoUi,Altered,5,6,7,8,10
Mvp8AVj92kshZhtZ0OuPNhfgU08,Altered,5,6,7,8,10
bxkDAogQiLiRfO1U264E4RcskWk,Altered,5,6,7,8,10
FU9QOQCD7hnXqYjfuyqcUI6Xbld,Altered,5,6,7,8,10
8pOGopaLkHkdzhgn2b_K7la24Y7,Altered,5,6,7,8,10
o7gy9whNVOyLIJY4VKVjvJejHNk,Altered,5,6,7,8,10
kfnaFzBGfkXZHN1htZ5uuDZOYNm,Altered,5,6,7,8,10
PqH3uwgC3ltSlg48OSvmx5SGpX5,Altered,5,6,7,8,10
7uh10lQgGHvizR4mF1FvujnK_D9,Altered,5,6,7,8,10
mHuvhfQpV4fIYnpCQ2e48ikZxk1,Altered,5,6,7,8,10
Yo1taUZ0GXNy9proNHTEXJo5Xa9,Altered,5,6,7,8,10
yzbpLkT2ey1Gz7E2BadivTHUWD8,Altered,5,6,7,8,10
ebavgNxFfEpgLBYOlTYteBHauB1,Altered,5,6,7,8,10
iQs2Adv5bn7wCDebPWkqggREVPf,Altered,5,6,7,8,10
ySmBwrCXvZWNC8usprp6Krvo5Td,Altered,5,6,7,8,10
kcsMF4gJX1QvDVMf_hA69kNsWod,Altered,5,6,7,8,10
t3BaRkSq8BTYkI6iWdAhFyTyAI6,Altered,5,6,7,8,10
SU7Ueano6fXWHN9Fnn7gKGMv9u7,Altered,5,6,7,8,10
kgfcTN5CGnv0yTvFBHHmlPhtbyg,Altered,5,6,7,8,10
CxlyFYYV2W79bn9l1X04TmVpLm4,Altered,5,6,7,8,10
Cz3BGz_59imQiciNX9VbwVjyEea,Altered,5,6,7,8,10
r7MoHwUSoQuLxqrVRGZklNbM0F8,Altered,5,6,7,8,10
2s1S9BPvMxzpkpqhIEet7vBODec,Altered,5,6,7,8,10
GXrZs0PLBdffHJsWGHlBDyml1E2,Altered,5,6,7,8,10
z7PXnDEifq_8Yh21sIEPvPqwi6b,Altered,5,6,7,8,10
kP3oXd8XgZbQSjS9tVJ_8bqQW94,Altered,5,6,7,8,10
pCdUNXHAnLkos1oKwvLBz2njOi3,Altered,5,6,7,8,10
_nhw09Lr9xTBNDWB5mERawbD7df,Altered,5,6,7,8,10
ZvFxF_ccRaWvHLPCFD33oBZykX1,Altered,5,6,7,8,10
0cK_n_ZYGeggdXZpqU1AJsKG1Uf,Altered,5,6,7,8,10
ZG5s1ihvOkL_nvxJMX0_oDETdod,Altered,5,6,7,8,10
xIk24rFSlB03xLjhbBa6bCKkgMi,Altered,5,6,7,8,10
Bba69LyaEWHMhjMVpgmz9MPWAs5,Altered,5,6,7,8,10
pkvOB2AOA5w8_MdIpWhI3bgyNI5,Altered,5,6,7,8,10
p6BBUe9c5gXz25v5wn66wlTvQ2n,Altered,5,6,7,8,10
7nBca3dDVm81fIcFeAcAGzkj_1j,Altered,5,6,7,8,10
JVSkfXGCoHpgiIaz81uP3wA7PDa,Altered,5,6,7,8,10
cJVdUw9Vae_dIDZm7FoKhQgVVfh,Altered,5,6,7,8,10
Htad8w0MSJk_peEABxTZd8_geX2,Altered,5,6,7,8,10
2jI0fzK7xrZ9uhcSzk28eX22UPi,Altered,5,6,7,8,10
08vJJjDvCnDX2hWPhQ7arUdOW00,Altered,5,6,7,8,10
XyBWIBaU2QZ5yMVHaidFIUfopTa,Altered,5,6,7,8,10
dTv9ps3D7Ggrm81_xp2uDvB98n4,Altered,5,6,7,8,10
9LuktMJqEEC8SArlwdYcm6AnAw,Altered,5,6,7,8,10
319TNkU3NQMEJ6ZjqDQ4G4rz7Hj,Altered,5,6,7,8,10
v2YiSykEfWhQpINhUsHO4FJcNIi,Altered,5,6,7,8,10
KRx_MMuRVsdRKG1xbGEeW1j8z8j,Altered,5,6,7,8,10
M2dkyD1FhHtja_gwKW57GdfOQac,Altered,5,6,7,8,10
ckr8qgBtbQ6bRvlPuxeP9v2WzI,Altered,5,6,7,8,10
YUrvgbPJP3_BLyueBFUf84mKhaf,Altered,5,6,7,8,10
LZH3vlk43JL1LFN9jVC9TbcR6X4,Altered,5,6,7,8,10
Xc13MPIzYQJfo6ZLkCfAjS8Trhi,Altered,5,6,7,8,10
WTBpJYquIXOfonALmIqbF04PE34,Altered,5,6,7,8,10
0Fg0Acc_3Uvt1KXK9grESS_r5_5,Altered,5,6,7,8,10
IU3kbZCqK3bDjXNU2xa4JPtpY95,Altered,5,6,7,8,10
h7izjzWZ8hc5IaNkDv5bzdIjZAd,Altered,5,6,7,8,10
13PpjwIFPQCMKnYi1LNPUvbOFEm,Altered,5,6,7,8,10
3SSnpXLGu5hJ9fnxC9mKSflTQI6,Altered,5,6,7,8,10
mxss4SPgJzX986dym8gojJ0ALBl,Altered,5,6,7,8,10
Z09vjA7nRBOyKLDLx3TKK4iae4f,Altered,5,6,7,8,10
EH_4vpZ7qMxRfHKqkZCuTpAnYY0,Altered,5,6,7,8,10
P8Q8g_U4wbUIhvTnywn431gXI67,Altered,5,6,7,8,10
niAafbFvlzO1oTLDilHFVW1jgRe,Altered,5,6,7,8,10
SQvDXfUPjUG6rq_4tMAiuEVb8La,Altered,5,6,7,8,10
B5qsWzWyl5zKTDyar32B_CUMLN0,Altered,5,6,7,8,10
zPKM986ZT4JSuBUs3YcI3cnl5c8,Altered,5,6,7,8,10
_BMJ8p7yUQhgaruXwe24Ghs9ASa,Altered,5,6,7,8,10
vZ6FcJg6e82Hbfm9oFUJMDS5fGa,Altered,5,6,7,8,10
qbQPe960GGzkmcZttaGiGupIWVl,Altered,5,6,7,8,10
ydaOVa7Tt3t41NpQ2OS83XiJgu3,Altered,5,6,7,8,10
o_571wA8bP5_xPtXUCHtc221jZ6,Altered,5,6,7,8,10
_ySMD1YoirbWcRYW948iQcr_pph,Altered,5,6,7,8,10
iiRUUY_I5RbBOU1gUvaArb4vEuf,Altered,5,6,7,8,10
XMjI89WoIC4VVL0PdrTXyL3Mj43,Altered,5,6,7,8,10
eZr7wCdy6b5NWOR326BMAbSMNgb,Altered,5,6,7,8,10
WjSqRMoRpcavVog5R5Li5jb44bd,Altered,5,6,7,8,10
4ULgC9FUXPrbSuPAB0gJmEcSge3,Altered,5,6,7,8,10
fjuy4VyGTFCG9rWL6taHOOzMq2a,Altered,5,6,7,8,10
Q6sQbli9L0JnB6e4cDppMGjhfSc,Altered,5,6,7,8,10
EXd3zARkgxDqNC1rCEP_Vk44Hx0,Altered,5,6,7,8,10
2rloiehp0fD3MJg2dknvW6E81Tj,Altered,5,6,7,8,10
9rVIZUC_nqzKUoFz_7J4axsNLb0,Altered,5,6,7,8,10
DpxCSfgDVWHLz3cCCnq7T6CLRXe,Altered,5,6,7,8,10
m3Aof79bl4DB5Tu9fRpAJ6aeyz1,Altered,5,6,7,8,10
4TJEfUBVV1lI6oDF1OnEXJ_YLOd,Altered,5,6,7,8,10
eQ8jq3dmegn52i5wLKwy2zFEm2d,Altered,5,6,7,8,10
bb30t0HXXdFiB7p65z0ev7pRFCj,Altered,5,6,7,8,10
m8VpywaIsktqUlv49aydjZter5l,Altered,5,6,7,8,10
s_7GQLfXbdFGcRXGl2j69PHw5Pm,Altered,5,6,7,8,10
T0rXqLlY9qAycRa5DkQJv_7NUQi,Altered,5,6,7,8,10
_ei92ysBK29bVdtuSMH6umBQtRb,Altered,5,6,7,8,10
6JLjxXhoth16Res5JqIRZHmFqS6,Altered,5,6,7,8,10
hYsLbjrI_LnSYa7qOv0IT1dODQ7,Altered,5,6,7,8,10
XQyDgFqe3m3lWmXPZW5Xye98T1j,Altered,5,6,7,8,10
9W8HK5OCkTvSg2QVKtagQ7TnGE7,Altered,5,6,7,8,10
WhdLuwsht4nPl19R78k0VgIJnJc,Altered,5,6,7,8,10
pJhTlUHypO6OZ4Yfa8Z_NAPsa6f,Altered,5,6,7,8,10
fF7u0PRHW9hSPKxZbxWiTl8KPc8,Altered,5,6,7,8,10
2FMpgBvdW6rb5oATJEeyRSrRg9m,Altered,5,6,7,8,10
Dz20539LifwMe2tveavuJNPGBw9,Altered,5,6,7,8,10
QXyGeAdknSDOKaGBbujiiizjs75,Altered,5,6,7,8,10
71_zshQDDsz0fEypMyfCZ9i983a,Altered,5,6,7,8,10
Qy74xIlES92FeETq8T8_5Yp9ZFi,Altered,5,6,7,8,10
8xumI_U1mBVCL6Pb7vnBtQLII4b,Altered,5,6,7,8,10
nG8H67L141aaTr225nbRRfbIWA8,Altered,5,6,7,8,10
sXeEXyCQ3vHx6uL9ZwVtgGoH1ih,Altered,5,6,7,8,10
cgLRI9moeU4IRZ_DWHgr4_D5aC3,Altered,5,6,7,8,10
UtKAOX9W2uC4gwx2N_IxqdX5fFc,Altered,5,6,7,8,10
2nohUP5TfCZDi2QOTSI2fHqdhMe,Altered,5,6,7,8,10
ZfwobdxiWRJxNAV4CDr0pBjkz48,Altered,5,6,7,8,10
PSM6AbYo7ICzUqomoaKKSKn7pkb,Altered,5,6,7,8,10
mZMoc83oNP0FM3bmWb0NITinXc8,Altered,5,6,7,8,10
1nEJko1jVCI9di0UIpcPEV3s76,Altered,5,6,7,8,10
6pXlSK7HsbFjZytDtkl0qYokN10,Altered,5,6,7,8,10
Lhrh0crKVni_B5uX8ZhTxzdJtja,Altered,5,6,7,8,10
6JwhUoJRDOflQuOsAd9or8ZOCvf,Altered,5,6,7,8,10
5xXn320t3efGfMWAGJ8mkKVHrRg,Altered,5,6,7,8,10
yWIalDv54r9VlOqkOpWv6hpSnb3,Altered,5,6,7,8,10
jrii6Rd0IUTDQ7jdn1fsw2Y7J7e,Altered,5,6,7,8,10
QIgpA5epQAZItSUXNpdtAhGog89,Altered,5,6,7,8,10
xElc1xM0aRUbBvEtchGilqF9IRc,Altered,5,6,7,8,10
L22to7LE2vxWK4workwAMr2DHQ9,Altered,5,6,7,8,10
GZNjGjfW_LjEQjC7sOcaAfRffZ2,Altered,5,6,7,8,10
UrYB0tPwcRp5qOoDeOYnEEThhB,Altered,5,6,7,8,10
qM6UrAxbetQ_TuLUAonXYdFznJ9,Altered,5,6,7,8,10
VUYVQz7q3fDVbUypxJ4HpLJWQK6,Altered,5,6,7,8,10
7Bn8PrQKEEQAF6CVMB8n749X080,Altered,5,6,7,8,10
mAi3Xd_Lvoqp7WvfQRnIbrQN2A9,Altered,5,6,7,8,10
bRY_geBrQiSOxi7OUKR8_b7dkZ,Altered,5,6,7,8,10
Oei2cPjRi7gjxJU88fyvyv5m42e,Altered,5,6,7,8,10
WlVsuKlHqnig8or0PzUqYuJyZcj,Altered,5,6,7,8,10
_CN0nKMJfA665Z_2EmPPQ1CoTQ2,Altered,5,6,7,8,10
FTUZ7CFBDCwlQOI4xlIkhEhSSy4,Altered,5,6,7,8,10
up4JMPwQiZssPjEYAd6IWWs_u_g,Altered,5,6,7,8,10
Cu0U9EAQIzK8OMMRELRNHQGRfyl,Altered,5,6,7,8,10
AFNErfpIQ6WMuXVBhZMkf_AVhOb,Altered,5,6,7,8,10
k6OQ11xIOVO66yXgWJ4fo0JrwCc,Altered,5,6,7,8,10
JyhdkVyyD0OBiDcWnoErl95fZg9,Altered,5,6,7,8,10
IVITa75TN0Rhpi3nieL9WCNo5zl,Altered,5,6,7,8,10
tknxMmzHqPOImrE7FWNzzdvCia2,Altered,5,6,7,8,10
OHsk7nlV9jTSLDHPxuhY6baMe5b,Altered,5,6,7,8,10
R4gnYeRAIOZZmD_Bqr8LJEfAQYf,Altered,5,6,7,8,10
40GstePpVNEdIttl4QCyEFE_iD3,Altered,5,6,7,8,10
_WiosaXsG_2qhzfDSdA5ZqFX4H1,Altered,5,6,7,8,10
5m3YChReZ8G_iVrKqAazQ6VOtg8,Altered,5,6,7,8,10
TIDrZ5EmaNvEKYiDSIs6MQ_X5r0,Altered,5,6,7,8,10
trfHsoDPFBL9YA_hNjYpIumpEA0,Altered,5,6,7,8,10
4sOn_ZMWBv6dGOjY6qMBUXetT85,Altered,5,6,7,8,10
PHtN6bQohnWnhlvIemRx4KbzeKg,Altered,5,6,7,8,10
IAsHOkeOtY0V72jYdIin3d4YWx4,Altered,5,6,7,8,10
KeMFqp8ZS7IdKmfXRcLvi6UYt8i,Altered,5,6,7,8,10
ZkTsyUjbjBJ6_ojkREDmwQZPk22,Altered,5,6,7,8,10
qcO7Lf9lWcXj6SeBMKzKGAOuDk6,Altered,5,6,7,8,10
PYQ8dRq0pThuVAXHDpf35u2hNo7,Altered,5,6,7,8,10
uPw8iFOtOlYVJESK8h6Mb6X0sAc,Altered,5,6,7,8,10
7tedhleLj3jdTepaBosrYiaRCQ8,Altered,5,6,7,8,10
VE0gjgTJX2w63e8KG2n2tLNDs4f,Altered,5,6,7,8,10
srff_8CZxvtd73vUVwmY8hSA3D7,Altered,5,6,7,8,10
huE6uUVqDL8GZ4gKgZ_fpWxVGCk,Altered,5,6,7,8,10
CCpy_7m5nhiIhEJoDnVUe_9XlK0,Altered,5,6,7,8,10
sBgoxWfBeS7UaRZs0ecZSuBxsXl,Altered,5,6,7,8,10
NrP1JZlSrS0_OCHrlghJHGbQCie,Altered,5,6,7,8,10
ve3lCDlmFSUQLL_bBCyGBJbwyK0,Altered,5,6,7,8,10
i5dupTLKB6AquA1yhsNp40SjXF2,Altered,5,6,7,8,10
r7eOLotJLQTvPIQXhMAKnOAeLv6,Altered,5,6,7,8,10
UexQIvDHx6Fg5Tcbqik_cXyS1Ph,Altered,5,6,7,8,10
jTWJH1VaipXjDYQGCcKMQoFLkEh,Altered,5,6,7,8,10
hYDU4yvfspEYWb0ushd1Z8m7Sf3,Altered,5,6,7,8,10
yVg15e3ouEtCkVcbA6mXGZLHh3c,Altered,5,6,7,8,10
JzN7NdvtMUk_7U7A36AVtszV4Fb,Altered,5,6,7,8,10
qhY_UpYR215R7jPt1PnVvhumlp2,Altered,5,6,7,8,10
k6cq8tVHoj4dz8gJnyl928S5f19,Altered,5,6,7,8,10
h7aU1RQ9JO6DN7vZSK8l9Ei22J5,Altered,5,6,7,8,10
YLEMPiTTKQ1gyolu8NlS5H1PyUl,Altered,5,6,7,8,10
qEp5MMdSJj2jciGkjzw2C6cQ6M1,Altered,5,6,7,8,10
ATP_cdBDu5fqvR38Otml24p6nQ8,Altered,5,6,7,8,10
X4mCD3PxhVdWyV2u7WG5GNY_pKl,Altered,5,6,7,8,10
qs1xcblmCUNwHzId2Xx8PfNVaTh,Altered,5,6,7,8,10
Wxlvt2wuTFWPtXJQYoF4Pnf_aL3,Altered,5,6,7,8,10
5VjIFYbvPUdv0gDSkgj0HgiOnng,Altered,5,6,7,8,10
kiq7yedjfysRdt0AoIhH37_Kw7j,Altered,5,6,7,8,10
YRhxj_TZ41HlbqYOCqdArCFr92f,Altered,5,6,7,8,10
XlNwqmov6ijpNUAKjpp35dg8G5j,Altered,5,6,7,8,10
8UU6U7m6GUNKqKKGMt6cdZzF1Y,Altered,5,6,7,8,10
nNxITWV2vXK3O9w_yBufYAQgsX1,Altered,5,6,7,8,10
PsXnYGan0w8MC76_c41zZtSX6w,Altered,5,6,7,8,10
2i5P2rHJTWdhSqsCXN_VOAqiKAl,Altered,5,6,7,8,10
KYJ9ux23gdtBznoiH8E4bY9Kckh,Altered,5,6,7,8,10
DiJcg0vXEHwcaTO8rJoxeKOBmrf,Altered,5,6,7,8,10
7L7kdwbhMvdJz7o9hSyQ38lOmbi,Altered,5,6,7,8,10
FE44V1H3LHuNqxvwxZ6h1Eof79d,Altered,5,6,7,8,10
dRmjUHGIQclqwVfOTThxOMqNPNf,Altered,5,6,7,8,10
1HOdr2kLyfKAK0syRPQnuNjJL5l,Altered,5,6,7,8,10
r_ZAz87VD7lG8e_SvmHLasyTJf5,Altered,5,6,7,8,10
3MZq__1R7cbt0m4IKNiKDLEh222,Altered,5,6,7,8,10
P1YmZOsT8gj_TKWGRCZBLn5Gf7i,Altered,5,6,7,8,10
1e88LWSKYMTQVdFU0Dh9_iNVmp,Altered,5,6,7,8,10
PZ8FAezMYMWhmqUpN2ljRZHHFud,Altered,5,6,7,8,10
df4mLFOEc4IMCteHk7LEkW50aHk,Altered,5,6,7,8,10
AfdWvqm1WSiOeFkzaQqYDg8NJ5h,Altered,5,6,7,8,10
JKOegqExR1oHr4HhQJR1mBrhKg3,Altered,5,6,7,8,10
l6NxXj3LoMu8XMpNlXOIPxIG7pe,Altered,5,6,7,8,10
e2UJrTHWYM4BQ0FpUWRxrxFXZvj,Altered,5,6,7,8,10
tQmLs9gRHHkBJfNu1k3hiTBirF7,Altered,5,6,7,8,10
9KaFvmz35tjfEqpSpExK0fpHvCh,Altered,5,6,7,8,10
hb0mG7mtrLMbF8KDk9MobAQTmDi,Altered,5,6,7,8,10
IoumfaxQmSeZYYJoCqdS3qwa7Bc,Altered,5,6,7,8,10
jH_mkKRIkTrlzRPUZDsHgWYLWW4,Altered,5,6,7,8,10
MOiZXuNE_KgzK52ZABbepDyc5i2,Altered,5,6,7,8,10
i55jfYDefj7Sy2Ean6dLGVLWhS5,Altered,5,6,7,8,10
emipz2mVUSJ0bGV465XtKy4XcP,Altered,5,6,7,8,10
2RrGdC_45AetS3lE5AhFAkcr8K6,Altered,5,6,7,8,10
lgSzNkFZX1MysWK8ZnwLLBXDcDh,Altered,5,6,7,8,10
UPGHXL0gTDBUwQN2h8Q9v35IwHb,Altered,5,6,7,8,10
Wr2IvMGQH0cErOokLRVLmRwkOp5,Altered,5,6,7,8,10
CCWa5ljjiG4cnaT951Y8i9Ipurj,Altered,5,6,7,8,10
eUDcIiPtDUmTYwKscZ4021fdKN9,Altered,5,6,7,8,10
0zgSaBmkaMI3Pli1zo1dP5rAnef,Altered,5,6,7,8,10
ufXPTS6NWOtMewVAWtshWN0kA_8,Altered,5,6,7,8,10
UyXVQOjKXwThHT0vegh8yFgK_o2,Altered,5,6,7,8,10
rq1xNV7ZlrndLFi9e6RariInUpd,Altered,5,6,7,8,10
NkU7ZKJ3uy2WtoSpi8dGo2jVI3h,Altered,5,6,7,8,10
N2HlsMhAZmVfUKaxdn6_Nf0unPe,Altered,5,6,7,8,10
vLYDgM4g4cXl77S566x_NHgfhmj,Altered,5,6,7,8,10
5bLm3S3CxFlM6EklSrSC2rRVJ2b,Altered,5,6,7,8,10
IHsW0N1sOg2MozAtli24T3CW872,Altered,5,6,7,8,10
N56EMpBzj7FXA_fWHCONpPa6mld,Altered,5,6,7,8,10
O13VzCqt34Tk9TYQsntyMygHg8g,Altered,5,6,7,8,10
PhnEeos4pBUmbHhQkiqwqos6iQc,Altered,5,6,7,8,10
yJOO7CnMWBfh_kapU15TVTBh7oh,Altered,5,6,7,8,10
LgxnBAQp9ClBxwilHoddcbcg2bf,Altered,5,6,7,8,10
tATbdU4JSDG6rE0zqlFV6S6_zrd,Altered,5,6,7,8,10
fhvSt3Vn_CCVYa7_pE5Zbtj2Ncm,Altered,5,6,7,8,10
RuQVYGOPQ2UVmMDbtIA52wypki2,Altered,5,6,7,8,10
Du4AcIk3ZBzpedUmGQ2bbjHYP73,Altered,5,6,7,8,10
52M5IXt4LHn1E73fZpD1qL7ScJj,Altered,5,6,7,8,10
pm8nS5R764qUhYrjzRWo9BHrR8k,Altered,5,6,7,8,10
10Xx1C0u4cp7hj4ujqKS62qpdwl,Altered,5,6,7,8,10
IJMi_7fhSX3ZMuJnZstW3aTgsd7,Altered,5,6,7,8,10
RlgZv_bcAsrtRyV9FGJryUya4kl,Altered,5,6,7,8,10
sZzXQRaQprDqjlv30y_o_1fVPo4,Altered,5,6,7,8,10
sdtaGoBj5ATNV5GbeS00d5GgCZm,Altered,5,6,7,8,10
UHN83d5OmxVM8rGXTbDCyL8hOg,Altered,5,6,7,8,10
AorauN2Bwwv2R5ATv2VTfMMTQTa,Altered,5,6,7,8,10
SNrZjjzDYCflqCrj5dA6zEWhpP1,Altered,5,6,7,8,10
uoqg5nA4FABwTN1FpV76k38dIym,Altered,5,6,7,8,10
jXIcFN844eEdIpUM1qhLkXFad0c,Altered,5,6,7,8,10
b_BCOPKE0lB3v440jnng3yJOAz0,Altered,5,6,7,8,10
7KlgEsUCFui0PwF9PtxH8PhRmY3,Altered,5,6,7,8,10
F6TvRKKjKtBeOndKMHWvKobnjyf,Altered,5,6,7,8,10
9APFAOe3CNjAb_JCHDnLg2mvBUa,Altered,5,6,7,8,10
L07h19twiY7k_ponX040_Q9sMke,Altered,5,6,7,8,10
uoe2WXz7cybm4WyYOQ_FDMXBS94,Altered,5,6,7,8,10
b7uva0RuzH34ZJpBMe33eefOot0,Altered,5,6,7,8,10
PEWSfYYJ0uniOJGrpiYDm4s5nfk,Altered,5,6,7,8,10
bBrIHr0d09kCGLGnZ37MWjJFuqi,Altered,5,6,7,8,10
xdBUS1vRReM6KZ5yix_ajNeV_80,Altered,5,6,7,8,10
hRH0BBW7Eg9vaQtnqtJq6CxqOQ9,Altered,5,6,7,8,10
qKsh7C30bOtAeksfkUJt_P5maZ9,Altered,5,6,7,8,10
W2N_juLLUal0XeXy2Qeb3CBdB0j,Altered,5,6,7,8,10
N5K4TJCtC_mU7bWRWdjDDSojJw6,Altered,5,6,7,8,10
xKLavEA54o0WmVi0_Ki6Z_6ufPk,Altered,5,6,7,8,10
a5Qu_5eTO8Jz4SjTT5qQxctpOJk,Altered,5,6,7,8,10
W32glEt4jBYr3d3gAhk1V2va5kh,Altered,5,6,7,8,10
nXvaNeKZmii4F5UMumHBovPCdOd,Altered,5,6,7,8,10
o0S75B9TY7dnCVc3N1aMVjK5hpk,Altered,5,6,7,8,10
2nJO0JyEHdInF2b4Nwidf_XKzz4,Altered,5,6,7,8,10
oPFZHWxi5yRltTQqzGKCDURMUTm,Altered,5,6,7,8,10
EjGxFvQZQzIooo2w0m2uxJwH2if,Altered,5,6,7,8,10
5maqZjw0rprmJQl8sdxwZcHiW10,Altered,5,6,7,8,10
nSdTO4C72x2sSlbQCIogEAacPhg,Altered,5,6,7,8,10
ZmLpW681nbxlJRCbEw7OcNBbSr6,Altered,5,6,7,8,10
mrz3sLFDGjZ9ogfV8hcDwU_D7S5,Altered,5,6,7,8,10
fo56i9nRIqDeTmu3CMQIhfkgWH7,Altered,5,6,7,8,10
AKdv6FxEjSej9BGQvsTRKphEsPb,Altered,5,6,7,8,10
gqEH5uQjQG1xQdcCaJxC9fFwTO8,Altered,5,6,7,8,10
lzYbcIYR1iFtG1GaxkEWyQ29XWi,Altered,5,6,7,8,10
CIySq9RY1Z4k4DWi0sLuaPV9jt7,Altered,5,6,7,8,10
wvNegVyGn7kkQNN1bMgvlf76k3,Altered,5,6,7,8,10
ejKGRpoB6cPG0h5Q3SSX8CDX_Vc,Altered,5,6,7,8,10
z8JP9ooTw7KpIPqfBwMfp92_c1j,Altered,5,6,7,8,10
GWjvwQYAP8Q7vVakGgbC_tKQKL0,Altered,5,6,7,8,10
HW_TUVJ6ogjf9706pcwJjoOkfMh,Altered,5,6,7,8,10
GqZPDySGJP2Y2ECLJTA2gF91ZG6,Altered,5,6,7,8,10
lsPOTY_u5GzkThbwICBN8M4jEmd,Altered,5,6,7,8,10
6naQn325mw_avq4NKjwyMIOtjAm,Altered,5,6,7,8,10
Mq9N7yx3sda3u3NH7UKWzxXV8e,Altered,5,6,7,8,10
RuaigMCH3BEh8TcfZUmXxo4x2rd,Altered,5,6,7,8,10
K9_wMlybBFAcqRyQoxxptFyxOm4,Altered,5,6,7,8,10
w5eReMzcVExWCLILKxQM_LXrwY4,Altered,5,6,7,8,10
lIQwc7XcAB6klutGxkj34lrFgmg,Altered,5,6,7,8,10
bJ1QgvfnLzo4ufUn0ICWpjuDz0d,Altered,5,6,7,8,10
VY_7dBYs1ye__D2hzx5mYIGQgX9,Altered,5,6,7,8,10
wmeNmYwWj5Ff_0bZtrv_LoMmW37,Altered,5,6,7,8,10
bWp95uSeX36fkd69QAr9qwSSyp9,Altered,5,6,7,8,10
aUvUkg9fIEucJ8YOz6mXhDKa4Ld,Altered,5,6,7,8,10
3bQPEWDLufoH76GuIfhefTC17_g,Altered,5,6,7,8,10
77giCTs3blyW0yRBmGUhWmtp679,Altered,5,6,7,8,10
epkbA32hLFlDTNyqUxPsTfnHlNb,Altered,5,6,7,8,10
BjKskdvMipblhUzb6nxnPNgYG1h,Altered,5,6,7,8,10
bdR11WyOnwX6Lc4obqXVGuGS7w6,Altered,5,6,7,8,10
aZYT8Ba5R04uJ2uJ5rTbmgJG92n,Altered,5,6,7,8,10
02cgpMm5pkm1J0OhDnKqyZmq6W5,Altered,5,6,7,8,10
p6ge8uFXs9KUxsCUhmPPw1XeTq8,Altered,5,6,7,8,10
LEtortuDqmfW8uaDxdsCBBeHU29,Altered,5,6,7,8,10
ZYe3DUIeyXL8j0tQZbf2hEyhF07,Altered,5,6,7,8,10
Duj5a8TNQI_4ohK9HYf06mmtCT9,Altered,5,6,7,8,10
AblO11FvHunc6UI_OcqxxxB05Ld,Altered,5,6,7,8,10
ymC_lz45xoQvz5zbjWur9oAvo9m,Altered,5,6,7,8,10
weQdYGlGniTyvM6aoBZ0y1OS0n2,Altered,5,6,7,8,10
S70lemA1QuRQ4_MYnOx0nDfAwo9,Altered,5,6,7,8,10
Q3r7FYAMC3Yi3zuDptXnhk0NSif,Altered,5,6,7,8,10
6WhYSnoxWEBrCFP4iVGGrrwEYe6,Altered,5,6,7,8,10
TrCW0AOqOPhVHyjPKE2wN1U41d7,Altered,5,6,7,8,10
0ANylCiO5RCoTdPbjBQmF6ygK63,Altered,5,6,7,8,10
Kap7KXkTTF5ZftqgJgCDtE6NqRj,Altered,5,6,7,8,10
PQeMHQSzPMohMzQkoM1oxcPKtb4,Altered,5,6,7,8,10
Xke12KLvqORYyH3V4xReBa1zQB3,Altered,5,6,7,8,10
XpWWIIbDwsVDCcQgWortG2JfjKm,Altered,5,6,7,8,10
tlB9wU6nZTjrQ71l484mxapEEE7,Altered,5,6,7,8,10
XqA1bOwh6C9hIt3vpigtfLaG4ua,Altered,5,6,7,8,10
NUNK9LX5WfOMehcNx7MxtXwDYJe,Altered,5,6,7,8,10
_VjpeMcWXTp6qukp_YIKj4NCq5a,Altered,5,6,7,8,10
5R0iQxHUT0LFN4RAOi0NsWqhJQ5,Altered,5,6,7,8,10
aVVhxGo8EZ1fBDkGI6n63dTTr4,Altered,5,6,7,8,10
56sWlCmhFrEfhf9v_0vOq5gvwH5,Altered,5,6,7,8,10
q3IppX4cqjFZxqtITgc0MyotQnj,Altered,5,6,7,8,10
6TeDodmkXCnH67Aq0ofDm3Raych,Altered,5,6,7,8,10
Ancr1kJ6DkDaM8QqhWIUgXbRaaj,Altered,5,6,7,8,10
KrYe2sxn75IXi7frowaa4LcUbi6,Altered,5,6,7,8,10
5rpKd0AHHfy4D7pH8n94Z8zjjNg,Altered,5,6,7,8,10
DJ8vrC0uYif5ZkTyf94H_r13DV7,Altered,5,6,7,8,10
SsEo3eCSbO63STq8Ml41ycZbx35,Altered,5,6,7,8,10
X1lW0iu6EMhsk1UsBGWHNuAdHq0,Altered,5,6,7,8,10
mW4m7_xUqnU0DbBvoDPan2Wxpnh,Altered,5,6,7,8,10
H3Ib6wT8PM4KugKfoqSyWtdFtX6,Altered,5,6,7,8,10
6mVJs2G9VqhE2apUpNvqkKVWWM4,Altered,5,6,7,8,10
pbSaJYFRHp5DCFhy0Z8nuS31Veb,Altered,5,6,7,8,10
DpTMkaQ5WqQ3Yg4vKbg1kr7kbPc,Altered,5,6,7,8,10
GXAyQNnhCCQIqGMYuktyl7lq2D2,Altered,5,6,7,8,10
ZgCMacvkryfM_SQPA0_rjCnqe0a,Altered,5,6,7,8,10
hBmeIIju15wJN_lx3CxIingnpWb,Altered,5,6,7,8,10
3VjjuqZwux1TMPitHKxbW3ECuo0,Altered,5,6,7,8,10
eJVzBatlDjslZOB8zvu3vKr_ni2,Altered,5,6,7,8,10
T8phHCp4uhQ0ZFHgU2OIJ7vwqq5,Altered,5,6,7,8,10
_n36xOFuJWpVQRZcs2xBHHtSFS0,Altered,5,6,7,8,10
j9LPryh2K77uTZ_t18ChdTzW1ld,Altered,5,6,7,8,10
hYwuFNQDLQ080YKoyjfVhxLaTM0,Altered,5,6,7,8,10
A0RQ4phtibmhHxaxh6GFgyLwEEg,Altered,5,6,7,8,10
wC8AJ2yn5CYPH8edihOI931T0w0,Altered,5,6,7,8,10
uwriQsbSvlhbdnGj4y_dwuoi1D,Altered,5,6,7,8,10
eLQxO4vyYRayuHMNVj7hrL8iXVa,Altered,5,6,7,8,10
xgdyculwN1bI0QrVbrxYngAHZY5,Altered,5,6,7,8,10
444BqJX9dWrr7Bt6iP9PqiIrJkh,Altered,5,6,7,8,10
qPeE0GOYiur7Feyyc3Om9H3t5Qf,Altered,5,6,7,8,10
AKg9ABOJ3giSDGkyDzd5xqgobWh,Altered,5,6,7,8,10
JfZoKCaAGq2VGLBUHAIA6kKk2t1,Altered,5,6,7,8,10
qzOgwwlkU89k6bJ_CYACHz3R8p9,Altered,5,6,7,8,10
k8I_XZSWWLvju_L8A8zvtLNVWEb,Altered,5,6,7,8,10
AqtVvINTXmxDdKk80dQYFxrFc7j,Altered,5,6,7,8,10
ksc9HK9xrfvCbHBgTobJdPQjto9,Altered,5,6,7,8,10
wH8IR3EGXSqug_ZaQVVlGu28Nzb,Altered,5,6,7,8,10
JgdwUWRLCujJCCQWzIk9PUqv_hh,Altered,5,6,7,8,10
4NKrIP60XIM91ozsJpQfx42Ewuf,Altered,5,6,7,8,10
nUzAB3IjKGev2XFSJ0BLI5Z1tF3,Altered,5,6,7,8,10
xty1cBEhdjKf8iWVhElBXpSXJTl,Altered,5,6,7,8,10
BGJ8mKhEdVDpowFe6KMySRjkLbd,Altered,5,6,7,8,10
PXpF1oiSXYwcgmTrV50G_ptDBz0,Altered,5,6,7,8,10
xXw47QcQ1JHwvudzTTnvupAMnI5,Altered,5,6,7,8,10
YMMAPhjDajmDWAkQXQ9fyCZC0ue,Altered,5,6,7,8,10
K6NNQ_lvaU0anRiEJXaSGymxvVb,Altered,5,6,7,8,10
6PL1uEYoVeXmYAfVnx4cHQAEVp5,Altered,5,6,7,8,10
k5ZALElSrKeYGrEY1tYMK_AWY6e,Altered,5,6,7,8,10
0VIDtqw3Y3shP1Rol1kx7n1xDGa,Altered,5,6,7,8,10
_4f8_fEpU5cyVxIHUNOHAhtPoD8,Altered,5,6,7,8,10
x4CaxgnvxUgVDRIHOmWjS45hjF2,Altered,5,6,7,8,10
zg_Go2d6JCJ4CKeF3wJDZJCfCH8,Altered,5,6,7,8,10
y0yxWrChiX12OWySSEUsx1JPXB,Altered,5,6,7,8,10
pTN0_h4VhsMdNeBVFNamy7QQWsd,Altered,5,6,7,8,10
2giZj1OaUOZB2jh1rIqyBQx9Wd0,Altered,5,6,7,8,10
BfgMoKwoFBMdFksutu3iqWrkSO8,Altered,5,6,7,8,10
UFtkR8Da51BPmaRfovZ2X2i0Q34,Altered,5,6,7,8,10
PsFWXNPRxArAESbOiWJj155hK1n,Altered,5,6,7,8,10
qi7FbbCBKZunRARrYpbc7TkqmHf,Altered,5,6,7,8,10
yJK3y3sdtPWePlj7NA6jcd9hhQa,Altered,5,6,7,8,10
eUBYadxu0VJsIwwfVq89FEryMDe,Altered,5,6,7,8,10
ThUABY0Mi2YJkbW2BzgsnU9Qke8,Altered,5,6,7,8,10
SeTTBj3JqXd5ZyiSHpAYph926Ke,Altered,5,6,7,8,10
wePu0yCXVPs4ijHSHFvk3wv7zB2,Altered,5,6,7,8,10
bsMdcMEzXtdeCo9oc_sQNnSr3B,Altered,5,6,7,8,10
cZMCorEyDxS6h8lkl1h1y32stSk,Altered,5,6,7,8,10
oTpJhU4owXsk6yvR53tpGHIQ50e,Altered,5,6,7,8,10
i5N1dFhliXThTjy4e4m0cwsjT1d,Altered,5,6,7,8,10
_1ZwC0QplhHSIfzN5yeSj6fc6Zd,Altered,5,6,7,8,10
qyPrO20XAoWxSmRDC1qjBMbolbi,Altered,5,6,7,8,10
PuJraS0a7sZdfxzDx9uvhGuTi00,Altered,5,6,7,8,10
QpC7zX_padUvxqBDbAwIYMDbSEb,Altered,5,6,7,8,10
36MSrR3mImiBTnAVmQGJ9f9UOg4,Altered,5,6,7,8,10
JDjlzSp8PjNwEZPkiYJ8zrCYtq3,Altered,5,6,7,8,10
inMW9KolA8cu5kNQ5KY4nqV_vri,Altered,5,6,7,8,10
oQav_V0oIZ22lsI9Ok9DDTWSS0f,Altered,5,6,7,8,10
aPaqB0nrzu5qGUGqrvVVKJs86Kk,Altered,5,6,7,8,10
M_fp_tzG6SJ7lREWo1AjI5SiDwc,Altered,5,6,7,8,10
CD5dFZJ6qTut9HgiGYkXtNQS8Ac,Altered,5,6,7,8,10
CIZEdF9QNcoovmuUFlvTvaNwSHk,Altered,5,6,7,8,10
Iiea9bG_lfk61nzjNyqWcGVUgYa,Altered,5,6,7,8,10
z1kby_xsONBMG2bHn2oQRf2dJOj,Altered,5,6,7,8,10
nZQRE1eQte5PLSyGCF5FR39PcLg,Altered,5,6,7,8,10
85KogqvB0yyfqf359f6aWCQCZAi,Altered,5,6,7,8,10
60IpTu8YyVhh31xvNsdsZNI7FPm,Altered,5,6,7,8,10
thfBTzQPUKRBvqpJZU4N8QdgAqm,Altered,5,6,7,8,10
prfZ9q4sWyweLVYymErb1gds7N7,Altered,5,6,7,8,10
9BPtV6mI4vPcl6w9uqVbUOwQ9Ab,Altered,5,6,7,8,10
gPb72PdkQUVkawkhqmzulrSctS6,Altered,5,6,7,8,10
BNHZY7AyzCnj28eDyWuk3ijgRIb,Altered,5,6,7,8,10
Di_G8JfMTs4QfxlrnCO4lsYv6j,Altered,5,6,7,8,10
_Bzh9P2LFpo2L8vn52s_tdVQXQ3,Altered,5,6,7,8,10
WN6E1jSVveS1NvzA1W7gLuKuLim,Altered,5,6,7,8,10
skrcA7TfhP_kFKs8vxsTvcTyJAg,Altered,5,6,7,8,10
nndDp7RkC47xIrg51PKPVExkxPg,Altered,5,6,7,8,10
MBp5IZL5w0cTCSPErhq9IjWqyPf,Altered,5,6,7,8,10
xiVch9Wlbrlvc7DiWacsHZ28tQ4,Altered,5,6,7,8,10
VIhGpIAemyIZKkG7frbVJCQgtTl,Altered,5,6,7,8,10
XB1kjJDD6ym0uUmMNazWS7082Y0,Altered,5,6,7,8,10
4aMwpX1b8hjhX0ERdYgoZNSGib0,Altered,5,6,7,8,10
5l5ND3kssuiVybbLQzXhWsbEYP6,Altered,5,6,7,8,10
uco2bqqAiOtsE__YB5_3XM0FKy8,Altered,5,6,7,8,10
xA3mBJP1fuL3a3ueadWnNCPjEu0,Altered,5,6,7,8,10
yttANzkRWRbYW_DgKTKMQXH2hN3,Altered,5,6,7,8,10
EFRnJJtJ7ks4NS_wY4xykY74ldk,Altered,5,6,7,8,10
HHGjRY252t7CDJzdmL_dVLY1Iy3,Altered,5,6,7,8,10
FvGVjnXg4XSkSZ2Dtx9YjPt4MC3,Altered,5,6,7,8,10
ypgC5EwSJnYedMvpl3GZgf4OHve,Altered,5,6,7,8,10
rfYl9YPEVpOTFNuZgeJWDi53ODe,Altered,5,6,7,8,10
yD7JfdZMCkeXSIWw90cY72CpQ13,Altered,5,6,7,8,10
7akxPqq6gwcvGaCUEyn_eAuUImm,Altered,5,6,7,8,10
9k75dU3h1m1p8hhj7cfs58W1G6c,Altered,5,6,7,8,10
gM3Euk2rwCIJ115qBerANxhIi4d,Altered,5,6,7,8,10
Hf5G5JkrgEZXqGfPKmZ_VSvNZnh,Altered,5,6,7,8,10
m1M6BglvW0MehsXfnoqqdD7MHM2,Altered,5,6,7,8,10
hOwE1ENcHdAceNr5quJE1IqTKMl,Altered,5,6,7,8,10
NxKiWLLlGnaAvKQOmif13TtPI7b,Altered,5,6,7,8,10
KmxdsmvEslLV2Fn6sCLWJV9ORw5,Altered,5,6,7,8,10
0biFd_jP7arB869pxm36LNyhr8c,Altered,5,6,7,8,10
gcZxjca69j7OAHpN6vvdMqSWwHl,Altered,5,6,7,8,10
Zdm4ngn0UufCoqozJGzgbtpk8Ej,Altered,5,6,7,8,10
5jE0RFOhufYjEZmaA2mqKa5CQbk,Altered,5,6,7,8,10
DYn5Ca7d4m_w7WQbcALNodIDcsc,Altered,5,6,7,8,10
TyOPUgfvISpqhhiXNfy83WmxEdh,Altered,5,6,7,8,10
M7FJH6FLFgVCs1AVj5iP35kvf48,Altered,5,6,7,8,10
QB4PkfXu3QL5IcGTjM7ogvAKGo1,Altered,5,6,7,8,10
LqL3OH7wj7IlvwMgZdbVCujwTt2,Altered,5,6,7,8,10
1PPjE6WI0SrnLUSxHK_WB75bX3h,Altered,5,6,7,8,10
tKNOoYOwF43T7wTowsLycX7BtKd,Altered,5,6,7,8,10
OYNGBUzSceR1pObWsNMMFUamNJ3,Altered,5,6,7,8,10
IxkHqqUmN92TVlwjwpyX6MZozg7,Altered,5,6,7,8,10
2CaQkJCgpUmpdRSvv9JJbRRkXC9,Altered,5,6,7,8,10
xKV34mYsMsyimrKLdzNp_UFij9j,Altered,5,6,7,8,10
FaUzT7RRy3sM0vm3DTETk5bPo_c,Altered,5,6,7,8,10
r3VmRs4kKwWBT0tcuW8XAMd0mq6,Altered,5,6,7,8,10
s1nG00NvDd03lMCmpofsQfkqJT5,Altered,5,6,7,8,10
8jEibPHsKqlxtZiS3fB9wBoNfZ7,Altered,5,6,7,8,10
3C1drWlNMm0XniaCxKBigjq2gj4,Altered,5,6,7,8,10
dtMbPvFbzYDwmgtldojC3FizxLk,Altered,5,6,7,8,10
p6jRaSIvGe8lJbvsun91G8_o1xi,Altered,5,6,7,8,10
EfFrOAH3GuYy6t_g76QLsEmkwM2,Altered,5,6,7,8,10
rebVOvB_UuWB8tUWkYflkPy1QMb,Altered,5,6,7,8,10
uexOxriHAsMGykWIYPahl65dAxi,Altered,5,6,7,8,10
0fJNQuwrkVZunPskDul7LiiHT1h,Altered,5,6,7,8,10
c3JNCXR8SvmHb5FI2wAVsnQ8JRb,Altered,5,6,7,8,10
cdcrgzIshVJQSbrY3kuMM6pXk75,Altered,5,6,7,8,10
iufGFLWKqb_rAw3Mx4IasQ2Irr7,Altered,5,6,7,8,10
GVDUD2rOZN3DUX_rXFw_6gD977k,Altered,5,6,7,8,10
EwS09YD7fMiE0oW1HxFWXdjZPC1,Altered,5,6,7,8,10
SDAFhR9YtWjkr84mwzQZJ1fDbza,Altered,5,6,7,8,10
Sw3ATMS77ejskcBs7LVS6VemT1a,Altered,5,6,7,8,10
JGfl94FzC4PjPNbO3aeRZ4uGyje,Altered,5,6,7,8,10
wg_SACgIzEZpfYGxrHqHlpqRkNm,Altered,5,6,7,8,10
vsz6UTTH9QoxXkquuD2TWlXT01h,Altered,5,6,7,8,10
HQIs6dVPhQIiiaz9_1CZYUx4XQ9,Altered,5,6,7,8,10
kCHeWfdroZU6OwRFLZACdj6ASFi,Altered,5,6,7,8,10
Sgz0vEFhrD7HJxpdK2iFDLUxMV9,Altered,5,6,7,8,10
upTb6MmHHDCvKWgXTSF407SgLL1,Altered,5,6,7,8,10
GtGmd2oeTn83lBiaWjtsHAyLrT9,Altered,5,6,7,8,10
AWi0x1GZohRox4Ncwl08ajH0g3h,Altered,5,6,7,8,10
6lCi1KsAo_58jASVS0sHP5thPe0,Altered,5,6,7,8,10
o7Asf1SmvehNx_L4tCVWDDN3pT0,Altered,5,6,7,8,10
UehxAqGTRiLoE1dq6vb2zH8OlNm,Altered,5,6,7,8,10
ySy8td_0psCmrhYjbhw63NXOond,Altered,5,6,7,8,10
moO__D1zcx2pG6v6OMGbiXM8yRl,Altered,5,6,7,8,10
zHlLxfbO0cCFMNlKhPsLLie5Tfl,Altered,5,6,7,8,10
mq94w2bCjS7KAqQOxJ7zrtsuWxc,Altered,5,6,7,8,10
VzbXPj9vKzKHWwdJ2VRFsFyRVR,Altered,5,6,7,8,10
XkxBiZ3ggQUKJNzKKpr0sUH7iq9,Altered,5,6,7,8,10
YGmmhweTP5vVPUbszKSWHtbxW91,Altered,5,6,7,8,10
VOHa23wvCHWZaD2WYv3jKwiUTr3,Altered,5,6,7,8,10
Mkv80gEgLvssGDeVIxn6UYd5WD3,Altered,5,6,7,8,10
PIO8bQSQZS094g6hc7w2egf0m_l,Altered,5,6,7,8,10
s7WqUDaRlSHLQiaoWINNAAwv5Nm,Altered,5,6,7,8,10
dmk34iip2KjHG1mZVpUaVaae6Nk,Altered,5,6,7,8,10
5r3O9TWIlpySjkTBoysMhhVBd5m,Altered,5,6,7,8,10
GbIizBWBhxz84ULiBk20nHu_gM0,Altered,5,6,7,8,10
6yMJP466vRCBAlnY8Btbl5e2YQ4,Altered,5,6,7,8,10
0jU5XXxNXGMG0lSahlLIw_BRfce,Altered,5,6,7,8,10
FUb6O9Ui50lMC587OgvqvCLSRe2,Altered,5,6,7,8,10
OiPeQ3hCByXHB0pq6V7swGiMOUh,Altered,5,6,7,8,10
Lh3PmmvC7YtT_22y6evsZcKQca2,Altered,5,6,7,8,10
IKP3hgCsw2fnskI42W63MoNMxN9,Altered,5,6,7,8,10
6YbFVKElb4Gb5ONechmdJPPdmv9,Altered,5,6,7,8,10
PNJUH_Dtnq5YEyTemS3x0OgHBEi,Altered,5,6,7,8,10
7nxvl2nfVl3Ne0lWXGr_Au6AxDe,Altered,5,6,7,8,10
NR5H4yORTABkVjZ4ongINo5L8d2,Altered,5,6,7,8,10
I4Qbjl9pYs4r07F1L_rZYcdCHi8,Altered,5,6,7,8,10
Bsfrhzk9Leyem03xjY4DT2kv8M,Altered,5,6,7,8,10
uiiyH56KAL5cajRulXxXAvZ5fu6,Altered,5,6,7,8,10
H7Dxw6x_KmkVnmXkcwvRg9BCpVe,Altered,5,6,7,8,10
ptgn_Rif8IicQ0K0h5oX5Nr9eNb,Altered,5,6,7,8,10
CVa61MW6l8UMsHV7OqBTov8FtG6,Altered,5,6,7,8,10
TOJRkpNOdpvXrew1FZURJaLkivi,Altered,5,6,7,8,10
4gEHzw29jsI3pITkxUlL0p6btti,Altered,5,6,7,8,10
J0_GwdvXo5EIltVZbex_IpXBI9l,Altered,5,6,7,8,10
3sSffZdxCqZkfWLA8XS_FNsNfCa,Altered,5,6,7,8,10
U24lwF56R0LwSov8Sk5cq2zRHS0,Altered,5,6,7,8,10
8JnK9Zypr7wvnebpISyVbhjzIB4,Altered,5,6,7,8,10
iUtPJyanCpg4b2Ps1Dg50PaMYIb,Altered,5,6,7,8,10
ir1nzPstH0lblnDf2D0F16kDhoi,Altered,5,6,7,8,10
lP0l5MZUat7bjg61AC3hJibrW_0,Altered,5,6,7,8,10
D_Y3CrhB5yNJ01zUVzwl9BuRMr5,Altered,5,6,7,8,10
0spW5zp7O6zVVwFQq8cnVSD8It8,Altered,5,6,7,8,10
4sf8bHHDoDOi8u7seHe1MVegQJl,Altered,5,6,7,8,10
hhBw5hl1oQi8Np9HWA11uEAuHC,Altered,5,6,7,8,10
US414adiYHPYyxw0H8IXfNf41rc,Altered,5,6,7,8,10
r97Vl_dHJnWOPZ4o67c1Y0NhU0b,Altered,5,6,7,8,10
hHStshTGijnhnGCpuzcGpRyqbl2,Altered,5,6,7,8,10
vyUn43LZc8zte2ief99WELYr3Kf,Altered,5,6,7,8,10
UbajpAHHdCS5XWbc09NcgXEpd9c,Altered,5,6,7,8,10
RtCVQbR9mXc1Jv7GjZbm7LXLG71,Altered,5,6,7,8,10
t38VJHCNYQu9A9Mb2qfxB5Ydxv0,Altered,5,6,7,8,10
zDQNU7958arQvXslXbzqBuQgaZf,Altered,5,6,7,8,10
de7Nvc42t9LB02oCiZclzbjbXOd,Altered,5,6,7,8,10
ll3UicbOj8Xh06m156BN7e140Be,Altered,5,6,7,8,10
6rYaMnnbjp1EF1mIcjWh0NfCxj8,Altered,5,6,7,8,10
nhIc_H77vfT3x9ZVvyutboVKYXk,Altered,5,6,7,8,10
LTQvI9cFpDtbe7Wbvy6fQXaHOwa,Altered,5,6,7,8,10
T1ihwLz3gOGlB8j4k_B5oRXXrc5,Altered,5,6,7,8,10
CIUCIhCFVIbUhCeqvzxcuXysHO4,Altered,5,6,7,8,10
6v3SaIO8lnGP4kCd0rWP4J_uJk7,Altered,5,6,7,8,10
d4BocAP5aHYMY7T8iJG0N3m7eSk,Altered,5,6,7,8,10
PfJVJADYE1UKMWR6M1Am8Pbyx67,Altered,5,6,7,8,10
zjNS1M9T8Ej46ZIS_UeALxFJ0tj,Altered,5,6,7,8,10
LeNjfp21NhyNu920ROcIRglSJA3,Altered,5,6,7,8,10
RdGIeQOVP8O0Eu19Zq7nzqXt3d,Altered,5,6,7,8,10
_e8G2KyZr4GETPUDtcEgSZo1CE8,Altered,5,6,7,8,10
rnwJMnSshnSXu2mP8tF7qtZEGn,Altered,5,6,7,8,10
N1kZ1HqqBvI8AUVuShiXRSaMwXf,Altered,5,6,7,8,10
hjC_tXrVME2iCVh1Wm8gYhXccU5,Altered,5,6,7,8,10
dqGWZ8ypdZM70L0m1O3ZCMngcTm,Altered,5,6,7,8,10
jAs9B_8sf3KScGkOlyDJRCkKFe0,Altered,5,6,7,8,10
T5hBN2MIxoksavoFsPcNJCknNp6,Altered,5,6,7,8,10
1enHr29Z4ki6cHpu2WPbFsqg0tk,Altered,5,6,7,8,10
A7oMVxyhYhswWmr10nA0RGSTQRk,Altered,5,6,7,8,10
5_16RDCF_Hg3ZUrZyNFsOb94W99,Altered,5,6,7,8,10
HJNk5mN78Sk_KwjBYBRF29AKV54,Altered,5,6,7,8,10
q7nu9hOGeI31SqfYb8_Jcs5Lta,Altered,5,6,7,8,10
DJzxomK9nvN2l1DuphJqATneMf9,Altered,5,6,7,8,10
fBKmEPwNwCGmEYDe192fSrJT_t0,Altered,5,6,7,8,10
lcIDLhcaeRRYuyqQ2kB8OEAb4Mb,Altered,5,6,7,8,10
7xSHBxi4tUGFLbqPy4KcSq8JrPj,Altered,5,6,7,8,10
0hIioF6QwPZ5FPahTKXK740FB3i,Altered,5,6,7,8,10
ou6Xq446pGlXYxCnauBgZ26YhJm,Altered,5,6,7,8,10
YnViOlkFnyM2V_CZXSAgQrc4_hl,Altered,5,6,7,8,10
kMW17GyX_jdTA3myHdNGsPKk4o5,Altered,5,6,7,8,10
WZGcCaBmo9VSIKFR0lcd8SkWzUh,Altered,5,6,7,8,10
fcapR338o_FuOQwAE3F4G0Eis7g,Altered,5,6,7,8,10
yO3OM1xB9O2vwk7sXtt_DDlUcN4,Altered,5,6,7,8,10
oOE02qiP5UBsQOyMCYpm0dqt1a,Altered,5,6,7,8,10
qP24gmI6ogiSlZXYVE_rqBRKEn8,Altered,5,6,7,8,10
ydqSvQC1VcmxjkgwhyQurxUH054,Altered,5,6,7,8,10
pwdhOpxz4c7CI6zz9VXgBfodv3h,Altered,5,6,7,8,10
A2VMzCw6UP2YaGi4JSGI29mH6p1,Altered,5,6,7,8,10
HI1czT4AfaXJ2fblFDoggC1o3_4,Altered,5,6,7,8,10
MNhYfZrqE8jvTm6ItKEiOdXw9z9,Altered,5,6,7,8,10
JP37gWf238fFJqkiFQAd3cg19h6,Altered,5,6,7,8,10
lULXeAaKNDVEWt_PIUOGfzNPy0,Altered,5,6,7,8,10
EmoVtDMjXEO2c_NtTrlu4cPwXx8,Altered,5,6,7,8,10
yuun9ojEJHhBO0aS0Hco_K_0Tgm,Altered,5,6,7,8,10
4AWBJxT9QmYWM8H0FIKimE4rIJj,Altered,5,6,7,8,10
U7QIbljEf0WqEQhCBnFfy3xeRLe,Altered,5,6,7,8,10
DdvOgJHSrHr87zDWRBTmftYZQwa,Altered,5,6,7,8,10
uZBAFdY9y84snFIyJVUZprWG_Bc,Altered,5,6,7,8,10
K2tqmphiyPbVXhnYbgYm2JTqxWj,Altered,5,6,7,8,10
8s6jfaqZJ_NdCNaK82rvmaAh4Ml,Altered,5,6,7,8,10
U91V8wuHXKpH05TUVhFI0mmn3V8,Altered,5,6,7,8,10
qjCrbE4nJgd9JOVF1q4Oge7bKM8,Altered,5,6,7,8,10
eBcwjIWzCWjm3S3Of14mOfR9EZ2,Altered,5,6,7,8,10
w_PuM85_THgPUmc14CJoPGbwKz4,Altered,5,6,7,8,10
LuUFfTzL2t9T0zHDWDwCmbeKWx2,Altered,5,6,7,8,10
QJd2Pdwu7flOrWPWNkGHs_l5nqj,Altered,5,6,7,8,10
Vjhu6a1GXWJGJbNJydlZtC2MOtj,Altered,5,6,7,8,10
qErMeZ1XtJ3Q9WpUgrM_SvCFFml,Altered,5,6,7,8,10
7WcmECfmkn0pFC5EWQTaxgmwhW9,Altered,5,6,7,8,10
4RAOpyAdEplaq0FKY8zxVUTMUn9,Altered,5,6,7,8,10
Rn5iXA4uAjIcpc0y_rPDWddvCn2,Altered,5,6,7,8,10
hC3V1RQSpr28rKlYuU7oPptUFI2,Altered,5,6,7,8,10
WwchOEmDCmTmPxhdwzBkKJypKva,Altered,5,6,7,8,10
wSAACuHsYlxqyPW4PIhqtrResD0,Altered,5,6,7,8,10
l5paM5DZbN5OnzXxQ5hLHsYiw62,Altered,5,6,7,8,10
JgxAYQ7PO9tXb2cmNRG5owho6wh,Altered,5,6,7,8,10
gdX0BwZgZG5tmMQ01ksUYMfpxq9,Altered,5,6,7,8,10
pxpJ3LvAX3KKhnWJgDKnKWpJIHh,Altered,5,6,7,8,10
2xK6G3ltOAbFpCPLb4DjyZKzfK5,Altered,5,6,7,8,10
4FuWPx1CVWOMPVe5m2HPxog5N21,Altered,5,6,7,8,10
2EV_KPPHO0KXhqbtf_BT1Y5kC8k,Altered,5,6,7,8,10
6x1Ojbobacn0ccvSYTeMFbEJhr2,Altered,5,6,7,8,10
ewBmHC3fvBiIH4U64mBO4ZxJIBc,Altered,5,6,7,8,10
YYDCezafKYi4yt0AZiVp5cTNO_5,Altered,5,6,7,8,10
PvucToNdfu1otFKJHUEaVMvb3D0,Altered,5,6,7,8,10
h0hlkGwA8_jFXjDAG6sliPQYMn7,Altered,5,6,7,8,10
wJcemM1gQA9zAp_KvRoaiCVJHag,Altered,5,6,7,8,10
5cLT6hMI11cIyKeXu4XClcBpZE0,Altered,5,6,7,8,10
xthcGrkpaTVCYP_wtDuhdUMiCzd,Altered,5,6,7,8,10
SetvvwSKcFIjonEA3dkC89tDrGa,Altered,5,6,7,8,10
i_925mopXIhDeznHDOoJ6qa8fhi,Altered,5,6,7,8,10
OwBn22xTUZPwQOje1fDDc8T3due,Altered,5,6,7,8,10
jPySwhNSEmqnv6WtriyfmUuSVd4,Altered,5,6,7,8,10
aL9yvASKkqmODYa4rA5dOgQe46l,Altered,5,6,7,8,10
MGvzpzq5_IKuMK3620HYYpG5jNg,Altered,5,6,7,8,10
XzYJdCRC6VwzIYOnXFjtTRykfKk,Altered,5,6,7,8,10
qVjFkxyl2Rpcce947FQYz14K1Ie,Altered,5,6,7,8,10
3eBLV4eDQWBji4JBb32E4mmZVJh,Altered,5,6,7,8,10
3rAKEa2ZPA4daZfwXekyzazWlQa,Altered,5,6,7,8,10
aun9kX953hM5l2_x1KCndrSyUsd,Altered,5,6,7,8,10
kocIbl2wULS6jl5CqohTWPHdQr8,Altered,5,6,7,8,10
sW4tgLnX9CiKyPdE86mq3bpFFw5,Altered,5,6,7,8,10
G00FV3nkmJK2jaV_4GKTTZddyQ9,Altered,5,6,7,8,10
deG1aGFn9chQXua5Ix8FgKs9n17,Altered,5,6,7,8,10
Mk_kixWV3WqBWrMGQuMbkjEuAmf,Altered,5,6,7,8,10
IyVqdcUzKHVA43HLbSIOz1Lgjv7,Altered,5,6,7,8,10
H9ZqBX1x7snIXt3_4O6LkRGTCx2,Altered,5,6,7,8,10
6cczG0SUVsdlV0DUAi_MC7DRhBl,Altered,5,6,7,8,10
MhTrk1Vc0j7B8TrjUBu3VOzc3J7,Altered,5,6,7,8,10
YKMTHjvy80yXle6OuxUruQqXeMh,Altered,5,6,7,8,10
To5xukFEvHwipZ994JKngmtuDx8,Altered,5,6,7,8,10
aiDFpU1oqjKcb0bkZPTXzl2yX7d,Altered,5,6,7,8,10
fqU0RzlrvoVSzmc44zYMfTm5Mqd,Altered,5,6,7,8,10
JpgQTs72Vou8vH9JeEDVMb3r0sc,Altered,5,6,7,8,10
mbDl6GE_6cUVLcPwooMAZvT1ehl,Altered,5,6,7,8,10
0CVFCELFMMIlFfiI53YtyapTv_4,Altered,5,6,7,8,10
kJlEOh44qbzmfG2aAnVrysymrK7,Altered,5,6,7,8,10
dKVHtRBklhRRhZenQVskNsp5iI7,Altered,5,6,7,8,10
zd5CFOPv5Jixd9dZPpNBeYWKSe8,Altered,5,6,7,8,10
CzNsfFCxKGLp1JbljhOQZPS0L41,Altered,5,6,7,8,10
Y51nBmFNNR9UBOfVqzyHDdk0H,Altered,5,6,7,8,10
uQvavEK4GxnMGEVWZkpGMv12t14,Altered,5,6,7,8,10
Tn16O0tZyn8FpGOrsrQHqsI06um,Altered,5,6,7,8,10
dmO93lgxTDd1jYM5160bbU2OBC6,Altered,5,6,7,8,10
eL1pTyHtmPRjLBdIkEqlxsJeJC4,Altered,5,6,7,8,10
U8KdgZR5v_ICniX8AYfiBsZ38Pg,Altered,5,6,7,8,10
AyuEekLh_gKWQi5VzsKlRPPTqd9,Altered,5,6,7,8,10
kBwcUu16Jijq7SKho7VMerzI8K2,Altered,5,6,7,8,10
E_76pXW_e8VeelBlx47rgu1VF3m,Altered,5,6,7,8,10
CDb4iue3seaXTzAAEJn7M6iJFE9,Altered,5,6,7,8,10
6KZrTLSWv1VCdZOKCqzYyQHgEvh,Altered,5,6,7,8,10
WzOEDPvYsVg1phOdJ5Ebakp5f_1,Altered,5,6,7,8,10
srM2agZ7j9Ohf_7mzqIZoy6aaA0,Altered,5,6,7,8,10
3268RwDwyrssXMEwTMl2nYEqpMk,Altered,5,6,7,8,10
USMd5FFE8N5A5guPxcbHFKd_hMc,Altered,5,6,7,8,10
5OkEaSZ5A41LFBQXUDyIO7LBvra,Altered,5,6,7,8,10
XUW7rmr6JHkY_3Gc8yGU4aZbqdc,Altered,5,6,7,8,10
0MQh6bKMXnI3Oqn19l0CNOsmOG0,Altered,5,6,7,8,10
yvq0WqaLiQ0fU4TDbcAmbNjGDv2,Altered,5,6,7,8,10
4cI7PV5FT2U8RgyIoXPsc29kbpd,Altered,5,6,7,8,10
vmxDklNlgwDgCxX6Tw9POxfVmah,Altered,5,6,7,8,10
kS3zRqWKdlnEY9OsWqEdxMSR6j3,Altered,5,6,7,8,10
logLvUIjzsYiWnWh45I2fenCb3n,Altered,5,6,7,8,10
SMUWsBiPfg1gToZhT2GJDzCMql2,Altered,5,6,7,8,10
FTiJCzdsoKJrN5BvDeK1oIHdYl6,Altered,5,6,7,8,10
8smncqGd7T9L0078WCQkhwIIrSc,Altered,5,6,7,8,10
VoLWWn5vYewXaSpBcYWtBZhsxi5,Altered,5,6,7,8,10
GymeNMjpOcus8CM5bmVx0zW2Vl2,Altered,5,6,7,8,10
AeJbXUoXFHc0X_uhUWcRCt2JIl4,Altered,5,6,7,8,10
0UCrA8om7EzbACAZYaoyq6ypUM6,Altered,5,6,7,8,10
ZlFsHOEFE2acR9bUJoCCasrNMe3,Altered,5,6,7,8,10
w5m0pL0RQns95X1YL7SS2Drz_C4,Altered,5,6,7,8,10
qr_AbbzsdIGJplW2tPFEJ0iEFz3,Altered,5,6,7,8,10
QB2VSeCqhXrr3yC0JdgQJM56aQh,Altered,5,6,7,8,10
5XNEEQuUfaEDnSZjimkLuy8Uqh4,Altered,5,6,7,8,10
u1cGRbN6ylczHKI_wQk11xRyEnh,Altered,5,6,7,8,10
U1DpnLGgv7R3_3GRyhlICSPbGYg,Altered,5,6,7,8,10
hxJvGoyqrLWBlDbOnQ5Y1O4Dlim,Altered,5,6,7,8,10
iM5Y4SOhsjk8oNmBoAxhNZhI177,Altered,5,6,7,8,10
IQBgNU0OV4Xs7Vwq7TCQGFbnjBi,Altered,5,6,7,8,10
po988LblGBlt9fb2tqdP45qYE01,Altered,5,6,7,8,10
Y7XNGA5w6gjB37T0vz86aXssQx,Altered,5,6,7,8,10
GjTsvPp7mo51hDv3o9zbUIrjHlk,Altered,5,6,7,8,10
gnApKQTq5l7sduzFQEZM1fGeF8f,Altered,5,6,7,8,10
E8hRtRmxdQHsAPaV07AN2Nww3z4,Altered,5,6,7,8,10
_n9mXEh_LUuhc94VeNiB9uLb6x2,Altered,5,6,7,8,10
hzyrndsHSikvaJTICPjH6wtWpSk,Altered,5,6,7,8,10
ZkCJzbkErnTgKUhYrLcbRLxy9g2,Altered,5,6,7,8,10
GEVm9Nudb_MVse8IgSzPikq9H90,Altered,5,6,7,8,10
sWpNJ_JYHk1mybkGUoigWhCwEJ9,Altered,5,6,7,8,10
nu2YYBlfKyPfSR658vlrnx9c_Q8,Altered,5,6,7,8,10
s3BZWkLkymVWDS3C9AGh8GNNAri,Altered,5,6,7,8,10
5V7HT3qQVH15R35LBJfUk0fDgDk,Altered,5,6,7,8,10
VdCRKKgosqWgEf0_WjE4mBeunbf,Altered,5,6,7,8,10
Xe5Xuat5vtcqK9KIo21QRQVcCPf,Altered,5,6,7,8,10
lDQAZWS0ia3uj98aEQ2vdPETNE9,Altered,5,6,7,8,10
qd75hCE6wslfhFzLgyo3Z3Rvvta,Altered,5,6,7,8,10
EfZICRwgHwIBI0isr811R5sYTdd,Altered,5,6,7,8,10
jvMa_vhk9_FNiMubtfiZefpJo83,Altered,5,6,7,8,10
diPDjUP9n7b4RC5TymfV0kIEpN6,Altered,5,6,7,8,10
AfTMrLu8PxcPSKTTT9ESwtMUsEg,Altered,5,6,7,8,10
kzoY2nQollMOsUOeabl4jwjLByi,Altered,5,6,7,8,10
6fU5pqRagPrm05F1tg78lLTNVgm,Altered,5,6,7,8,10
BILojJWYt8gOiUcs2udsNCcUr48,Altered,5,6,7,8,10
v8U5a18EJz0fn3LYlk7RgCMbx55,Altered,5,6,7,8,10
UmSlg0yn0X6gFRxhHiaqFdsY1o7,Altered,5,6,7,8,10
47OM_0m0CfoNpNxbiyTM3eLyXZa,Altered,5,6,7,8,10
APQwofW2cIsHOUpblIhdtTGwSa3,Altered,5,6,7,8,10
dA7HZB7qdgymItu3pJqfpvNJJCc,Altered,5,6,7,8,10
ARPm7QYrOeO_siDgi_Hkc76DKpj,Altered,5,6,7,8,10
d_k5OSlgy7AAPei1I7HPNYh6DUh,Altered,5,6,7,8,10
qDO_S_wHoEPy9evtXJJejeVgj67,Altered,5,6,7,8,10
4HQzdDFQrvyTjfDvt5ZSlxw44xd,Altered,5,6,7,8,10
HeooE3zAvcisPheB1EwLLmgxj3a,Altered,5,6,7,8,10
ctyPzQt9OxjpvDxKQOo3MvzU_Ye,Altered,5,6,7,8,10
bd47LleQcoxKukvqmuU6vUMq4Rh,Altered,5,6,7,8,10
Plj0hLRuE_axY3swaWN0NYh7TTb,Altered,5,6,7,8,10
pwu2UoKm_ubLXT1e10IFUh9PLWm,Altered,5,6,7,8,10
FDndjLA3EAhvXlW1OMMmfWYoAd1,Altered,5,6,7,8,10
77Nj59T5la1yjFJBPwnuQfXCcNh,Altered,5,6,7,8,10
utPH599DJ3NUHurKxgNBX9X7L3a,Altered,5,6,7,8,10
zxwRCq5Lvmzfyw0liO8HrOBM3xl,Altered,5,6,7,8,10
PKGZw3gURzj3dCEf_yqRt4WKRFb,Altered,5,6,7,8,10
Q17iJKx_QSYle4SzUQk7COLZZU0,Altered,5,6,7,8,10
qDl4h02tqCXCrjwTKVmxiL60GJf,Altered,5,6,7,8,10
rJsZN5a4XbZ91Mhgsg9yUQQwBwi,Altered,5,6,7,8,10
rNaPzhOWnJMk6GGlWE7y35Jgwhb,Altered,5,6,7,8,10
W05UWGGXNW9lUF8IICKyJRQJI4i,Altered,5,6,7,8,10
0IThVTBkZjVM0ZygxpzMs2xqyEe,Altered,5,6,7,8,10
4krMXWtC4apSdICX_xQTFKlxcwb,Altered,5,6,7,8,10
VnP_ry6DIELUuXjaAvi0db9k9Hc,Altered,5,6,7,8,10
_Cb8I493lkN8JohyiweNzOietRa,Altered,5,6,7,8,10
2u4z3dZD4RTtnWTOUDtwbrXFIe6,Altered,5,6,7,8,10
l_p0uBgkYkrP0HS03KnpkTdhC_3,Altered,5,6,7,8,10
yFEw6CzGoL06BFqO9i40sVl11of,Altered,5,6,7,8,10
H6PfDy77O0lIWxsXic5gnyb94ua,Altered,5,6,7,8,10
LQXUfC849dMDR4oo7r9ZTCmcCv7,Altered,5,6,7,8,10
osvaocZhxoO1ZV8lnMsqxwIOGSb,Altered,5,6,7,8,10
e6VGNfkUGb6tJIOv6qzNAUrPLI0,Altered,5,6,7,8,10
kl7qLDiHbiloCF2cD_IhlNQo6Gf,Altered,5,6,7,8,10
Z2t6m9GHgGJ_g1uxSZhQ3vcGsUf,Altered,5,6,7,8,10
LknAKzx8FEGCBO9R5hjm6gsvWCi,Altered,5,6,7,8,10
33v0pcsCq08WfB3T5oqxO5q47ba,Altered,5,6,7,8,10
Mc4oFhtc_D_WwyxSlT61dxEWnJi,Altered,5,6,7,8,10
EukaJ6tQNSVjreSNQS5pcKqKiZj,Altered,5,6,7,8,10
lVWDjMcb0xFCUCp5z2EbdiPGpi4,Altered,5,6,7,8,10
O9LCg4HkDQsb4A3w47RpEvvxL1l,Altered,5,6,7,8,10
JmbXC35v45ax1MJVjgPsfmfOQZf,Altered,5,6,7,8,10
oST4tLvFTinxXqC0us8coe5equ1,Altered,5,6,7,8,10
FPnXmx7vTFbxuZSA6fM0ob1kgRi,Altered,5,6,7,8,10
6VGzjW7_s9RYPVbZB_XcgbjCI6i,Altered,5,6,7,8,10
COg_iVz0pcOHtcfaKN6mfYTYD91,Altered,5,6,7,8,10
ZBm56hGnYoSRdwnaL67b9wkYp24,Altered,5,6,7,8,10
e6gFwTM2Vf9VcxodvtVA86DGXMm,Altered,5,6,7,8,10
OW5PGfi4r2fxxXSsmzvkEe3Ey31,Altered,5,6,7,8,10
rtBB1rgBbq0wURjqL8nr6kwLIN5,Altered,5,6,7,8,10
Q75GMxo3n88Zw_hV8M_E9k44xA5,Altered,5,6,7,8,10
gXXfeRnrfxvIcsFuITH10weQSNl,Altered,5,6,7,8,10
Chve8qJ2TfiIW6mXo5p95g0KeMd,Altered,5,6,7,8,10
Gbg45FGiH61EXCPzeoVfioaa4I9,Altered,5,6,7,8,10
seXuKSR6gzUu5mCpZELwLDkEUSi,Altered,5,6,7,8,10
9SrafVXBIih0UHXvJ9N9FlI30W6,Altered,5,6,7,8,10
4DU6VtKTNd4jLfR36zrKrulQrCl,Altered,5,6,7,8,10
ru232LHHzkJM81zZcPcBmYMVwPc,Altered,5,6,7,8,10
BXeo7QJlizvg2WchVfwkR4H0kra,Altered,5,6,7,8,10
Xr9wGtRMTWASftixIGZ_1z5lai8,Altered,5,6,7,8,10
1MQkJJ1GC00UgjGgaafiIrjCA4h,Altered,5,6,7,8,10
gRG0okIKGIUj67xaPhrqWIj4mqj,Altered,5,6,7,8,10
OG_ib6g38NAHaGMaSMEsxwe5bPl,Altered,5,6,7,8,10
90Hy95KrL2mIUXUr9Yd3HNnI1Bh,Altered,5,6,7,8,10
iKRQdxPgia1D1HrHe2XtgZHZqu7,Altered,5,6,7,8,10
GkzM__Skj035F1qCFFEVhyjjTHj,Altered,5,6,7,8,10
xkTSM23I_zpFH4MqO72icyky8Ll,Altered,5,6,7,8,10
RgJd8CXD96U1rAWjPxxTJDcis3b,Altered,5,6,7,8,10
gIjcPPWgQo1nwNhZrDzO3c36bQk,Altered,5,6,7,8,10
VixGDWTZPaPCieQohD1DJY1Psxm,Altered,5,6,7,8,10
OQBX4S43DZN097tFnxFv58EAHP6,Altered,5,6,7,8,10
95SAICZQoFdN1tpJDNL0TDqERL4,Altered,5,6,7,8,10
b4HbqRIHTC8noH813QXa1PYllJ5,Altered,5,6,7,8,10
zHyC2I5BqyfXRLpVhJpbCCYwqp6,Altered,5,6,7,8,10
dMGszK9EnFBgpbkXuZjXX5u5N8h,Altered,5,6,7,8,10
lrEon7blq75mdzUhEdNmdhkmFlh,Altered,5,6,7,8,10
MhrSXzdm3BmpMUV8mhS4B_lftp6,Altered,5,6,7,8,10
tNCoNGWMWI6AMO0s5yivzGC4tKa,Altered,5,6,7,8,10
s7Trvlmw41JdZBkJXdo2C2wQyC0,Altered,5,6,7,8,10
VSBw4pRH804X8_8WYf3ZHLi_4I1,Altered,5,6,7,8,10
eG1jozIkiJZ6BvxjaLCPNdnmfR2,Altered,5,6,7,8,10
t0Dp8gGnIPV21meRvkatLXfumef,Altered,5,6,7,8,10
2Rl6uosv5b_aDlpw2eUEo0qziq0,Altered,5,6,7,8,10
pqPLtXxki64CazkqRTjXNFy9oAj,Altered,5,6,7,8,10
YbX4RaMjqJWJpwCG1mnY2aL7AK1,Altered,5,6,7,8,10
Xu8J2sROy9Ayn5yF5fKg8E4uU58,Altered,5,6,7,8,10
bqrfXpNsiTa4T2xPpEggQy0u5k1,Altered,5,6,7,8,10
WoyEoNkEP6rmLG2WC__gCq1M2we,Altered,5,6,7,8,10
vfswIfXYVw5CRRwGtjIIru8pQmj,Altered,5,6,7,8,10
Xf1lTBQPkgArFzsw1n7JBbP8vu1,Altered,5,6,7,8,10
EtLGo6PsyKbqQcVy4xIWcCNESha,Altered,5,6,7,8,10
bN1OHDKQxbKzuGWZIC8zU37fuhe,Altered,5,6,7,8,10
ZgT2NS9XzqWjhoyAo9wpExkQU8e,Altered,5,6,7,8,10
1GHb7CBhv0LRy0Bs3utckZT6sQ1,Altered,5,6,7,8,10
6rfMj6Lx5cbQC6fvQPUWdXuqUcb,Altered,5,6,7,8,10
eWRNz0U_xUvzATsQdwfTE1CgbN5,Altered,5,6,7,8,10
DLCACCpoRGHp0G1X3oGaIE5P3D8,Altered,5,6,7,8,10
y0dzREhxyazENoCxM639aRzdD62,Altered,5,6,7,8,10
n5GEpMwOy1tiSLOfMO_UcOC86oj,Altered,5,6,7,8,10
cjgoTproWtNPtViu_omz7_6lKo,Altered,5,6,7,8,10
t9PkgRqdST9rSKrEjprS2jjiFt1,Altered,5,6,7,8,10
Ch_S8Jyu7XSGWSgKOAy6M4YXmg6,Altered,5,6,7,8,10
5nIimhjqAs0n48_SZ2htLs5GG5g,Altered,5,6,7,8,10
OH9QIyTkQZIGGITPrHuM2Zhtd0c,Altered,5,6,7,8,10
v9nro_1BNSWFSt4I4dc_weWRNL2,Altered,5,6,7,8,10
gav_6XU39jB41mQsd38ojU1ZWUh,Altered,5,6,7,8,10
sPacYiGmmsO89nYnuKyjCYGbc12,Altered,5,6,7,8,10
3sDAv88wdaRs_l9eLBSFfnIvia5,Altered,5,6,7,8,10
8U_GGEPqwp_DjwcFqdWZ5kJJxdf,Altered,5,6,7,8,10
HSxTNkoh6GGgQGi94rZQIT6wHrf,Altered,5,6,7,8,10
YJjer265c1Q5ttxefSns9MBqcij,Altered,5,6,7,8,10
_3zDIkXUwJtgyxGHFkHXCeINjYf,Altered,5,6,7,8,10
1dG03BQM5iNbZ6qDdaOiCavGoJ,Altered,5,6,7,8,10
9iUD0qQyqOAqT_DwXRSzleigPLg,Altered,5,6,7,8,10
rMxvOQaMO_on2TFMpPsEMxrvJY5,Altered,5,6,7,8,10
nMqCje6AX0UNIV9fkWLza0yIyEb,Altered,5,6,7,8,10
mKOt8X_8t8YE8n7ZvG9C8S7hNsc,Altered,5,6,7,8,10
X0H9dztLWQbBgTtW_SkIzl03is6,Altered,5,6,7,8,10
wIiXb6t85sbTi_jp3wisVpnGGZ4,Altered,5,6,7,8,10
ed9sE6_MfiKzf5DXOV20mdqHpwi,Altered,5,6,7,8,10
TCapNf83RZjUQbmNdB5kVp1Qm8j,Altered,5,6,7,8,10
oGZXOkLheFRT4W4qQRgbgAevmgk,Altered,5,6,7,8,10
dcaKrQ1f2quTg0GLtO2QHqbSGUa,Altered,5,6,7,8,10
vA2FUKSMZhLGf0Gc1ZS9Z7AjnTj,Altered,5,6,7,8,10
iruxHvREhZFwZAr_462yBX7qobe,Altered,5,6,7,8,10
ipdqm9Hbrz77YXCHcHXVihK5XH,Altered,5,6,7,8,10
lJGee_nWI53i8imK2PuOQPPZad,Altered,5,6,7,8,10
pryQ7ZWmnO7EoHvwKsQjAOQTXi5,Altered,5,6,7,8,10
x5cMP7XiMmtziwTf0xBkoPtqph6,Altered,5,6,7,8,10
RQnIWHhXOYMd8HWteQAV59VpDDe,Altered,5,6,7,8,10
d223pmvNdLkuSeP5uxQXsBFM9Kj,Altered,5,6,7,8,10
gcqXK69gF7QqAJRLAOgVeYeHA79,Altered,5,6,7,8,10
m3ptwUNKfTDrrAJE8lAeSFv6Wb4,Altered,5,6,7,8,10
IvPOmDFrqUlcQyjq87AHOv_qBU2,Altered,5,6,7,8,10
5AiF5qHUFJgoZik03SEsVqEZc0m,Altered,5,6,7,8,10
szXInXgb3C_tYSpvOz_O2duLBgj,Altered,5,6,7,8,10
O0xQ6FiYfAoL4CFraWHWsdWsupe,Altered,5,6,7,8,10
nd8lNbct4eDniwYaitscjiZqlkg,Altered,5,6,7,8,10
udSOEHOo0Bq4UhrIJBMbR5aT080,Altered,5,6,7,8,10
_EY9ZW7vzE30kaaM3nKfoNMojX2,Altered,5,6,7,8,10
2_hPR0zaE4UKyPtO4fgAC_z6f4e,Altered,5,6,7,8,10
EdYvjW5OrVz0fHA6CfDs08qlunh,Altered,5,6,7,8,10
dl9W2zLFRB3DxeYnLfdbvx_6oNi,Altered,5,6,7,8,10
fmypENiTxGx1yftaXFer3y86cbg,Altered,5,6,7,8,10
_kbRH7uYmsqxIfoUYlmo9YoFVF6,Altered,5,6,7,8,10
pQZVSSVujglxKSUsaI0_oilTl8m,Altered,5,6,7,8,10
FjGchwLcSXaL5QCLjP7y74K8sq5,Altered,5,6,7,8,10
AdhgHh1xQgzhDYg4Lk9oQs2c0J2,Altered,5,6,7,8,10
lW5uIA8VTpbTbYIOZ06bxBXPD93,Altered,5,6,7,8,10
ruOZfL1W5KBQipnCbCxy9uaLcN2,Altered,5,6,7,8,10
4PnEZa9xEhQ0GRp20Cz0FgSdj9m,Altered,5,6,7,8,10
c_aW1eqG5zpYAKScP451wG99fY3,Altered,5,6,7,8,10
O42O3aGCOAVJQcweAOPfqp2oDsb,Altered,5,6,7,8,10
0KOGERKifk_fsgyX5FvqEWXfPZ2,Altered,5,6,7,8,10
JbonqLifcf87YgcANyBpGGYn_c0,Altered,5,6,7,8,10
vOGyBf5BAsAzuHbaQxskFopurk8,Altered,5,6,7,8,10
hS6_nKLNVbI8g7jwzzqwFDkqe3h,Altered,5,6,7,8,10
s46ILx2XGrL_9OGPadHrkUPwsLd,Altered,5,6,7,8,10
e9YfLw2cnC1FSUwjk4cnLTPq3H3,Altered,5,6,7,8,10
DwlzFhfh4n5f6H89hhk4CyGDsnk,Altered,5,6,7,8,10
AdF0KJjOM_PEDwYrvnUoNSek_Ni,Altered,5,6,7,8,10
7EsR7V42SX6csgcvnNjyjSBTIhm,Altered,5,6,7,8,10
j79oThksHXDX8vH1gqv9CLZf62m,Altered,5,6,7,8,10
nJC0fu9hWsJVyX0R8adadstMn62,Altered,5,6,7,8,10
WNPCvqXeIdqMV6mIcLcjgKvPHQk,Altered,5,6,7,8,10
NiQz0LaulxBdllbQegc8_dNrE4n,Altered,5,6,7,8,10
dg1Hvtkz90MvNZ3BfkWhKqzUx10,Altered,5,6,7,8,10
l9ErCdGYm7N3OpPWxoV6DjmF7ag,Altered,5,6,7,8,10
agr9Vah_TR2ibk7jrIBP_vXnw8m,Altered,5,6,7,8,10
2rc9GxfaSbf5gNcpIFReutINYzi,Altered,5,6,7,8,10
85S7BwP6uWhqrlqYZvxZBa3I2a1,Altered,5,6,7,8,10
04cGxnfyPpcC3USK7BQtXpnIfuc,Altered,5,6,7,8,10
dSwGbCibGdlXDtFF11eFd_rpKTe,Altered,5,6,7,8,10
4Sjin4xTpGm8cELXuL0e4hv23ea,Altered,5,6,7,8,10
lKJpj5sYwptLXzPRog8uBm0qPsm,Altered,5,6,7,8,10
pqKhf_BJNGXRhIFTXxLDwcPrial,Altered,5,6,7,8,10
VrfbjCuXGOr99ub7bsJso012k2m,Altered,5,6,7,8,10
eIZrGWoiyJS7I3MMa6uNBL4wMBc,Altered,5,6,7,8,10
fdQ5Lbv66QImsmP6dhakc2Ca4Zf,Altered,5,6,7,8,10
QZ9umSPnmXLGyECCNiXhTBUo7Le,Altered,5,6,7,8,10
MhaIeXwr70APFsg2o6VJxLu1GT6,Altered,5,6,7,8,10
ejv2jClHmcd7InUT30brKuUKja6,Altered,5,6,7,8,10
QvbbHRHBCEW2mNAkbROMU1XAGUj,Altered,5,6,7,8,10
bU5EMJyq3EBhU8Tt2QGzDBa9n2b,Altered,5,6,7,8,10
pZmK43Fgjs0aqHTlN3gs63RUFI5,Altered,5,6,7,8,10
qtz9m_Ga_7xWg0G_IBtpCD2wPm3,Altered,5,6,7,8,10
3miKLDhGBfKhCqhNhWEKf62Sv6c,Altered,5,6,7,8,10
GHuT3LITSvSSVGyE_mSjUUAqwwh,Altered,5,6,7,8,10
KsRnrefbH6BJNs9Ij1PvwS9FcNh,Altered,5,6,7,8,10
4QFq3meI302Lf0K06Tqw1hYwl2j,Altered,5,6,7,8,10
7XlEwu54DJSShY9LFIMtSj8DJxe,Altered,5,6,7,8,10
iYm6pLBPonzOHcDmmaKNP5Gpn27,Altered,5,6,7,8,10
cmvfFE8DehGtjE5SlTCROOr0_L4,Altered,5,6,7,8,10
iplFZJj0520ILCtyet1vBXDuymf,Altered,5,6,7,8,10
wjg9BoXPNQRGAKTrXQhfbPsj2d9,Altered,5,6,7,8,10
140NbrLHRt3OtsRupsyvIDjS9Gd,Altered,5,6,7,8,10
Umpfglh5wQlqeFrEe1SRSsU58Vl,Altered,5,6,7,8,10
VlzILfQh1rYrUKXVWnhxpiHFkEe,Altered,5,6,7,8,10
XOqvYwWyw8tRbXXbT2tOIsiveK1,Altered,5,6,7,8,10
81qa3EMUQ3wGeUu5ns6K1eJya3c,Altered,5,6,7,8,10
kNloJMhA08Dr1lAfn8YoutQEOfd,Altered,5,6,7,8,10
4_IUz2OSAuTnJsrvjYx5MTzuMua,Altered,5,6,7,8,10
FM2qN0eZN0yV1s0JeY5QuqS3H7e,Altered,5,6,7,8,10
ja06gVTVH6XPfBqPXuLGAihBvwc,Altered,5,6,7,8,10
gFZ04keQKxWN1EDIVRpGO6Zlph7,Altered,5,6,7,8,10
EW41durcxZP5Mp67GreMvlUkIEj,Altered,5,6,7,8,10
qhx8Ff1YxEpP7DSysLAIW6Ulpog,Altered,5,6,7,8,10
dpyHZ03InGrEykMEBO7SHRs8Jpd,Altered,5,6,7,8,10
DrC7E_sj7zPXYlGN_1t1_aEVXR7,Altered,5,6,7,8,10
oCzBjXTI3WQEJB71teiTzr4rN7i,Altered,5,6,7,8,10
jHwpfnizJlvmuMVAlZhrgDHBrXi,Altered,5,6,7,8,10
lHU5ACGlJTd8vHXxukEq_FlUP07,Altered,5,6,7,8,10
SWWEFebKHHw8mhHUDp45U7NHGYd,Altered,5,6,7,8,10
5kA_eKJOePkPWWMtz5kzmqY89v8,Altered,5,6,7,8,10
f59ktu7Rm7kOuJcBaJ5h61q2Rc6,Altered,5,6,7,8,10
VPXtQPHQk93088Lm_v0TJSynBA9,Altered,5,6,7,8,10
4U2HAE38bYFjTs4cXG4v6MgMJYl,Altered,5,6,7,8,10
o60a5hzcHKBNxaR4dDWyZlUpkl,Altered,5,6,7,8,10
d4OKDxmvHv7eBuoWPekzfqtw1Nm,Altered,5,6,7,8,10
Ef6GghMYUBHhctDpDgiF6KIDf68,Altered,5,6,7,8,10
_M4WEgXh12b73PTdLBGkiu8P_z7,Altered,5,6,7,8,10
WFhbPDvvFYsNPSoEkDmjIT5SIue,Altered,5,6,7,8,10
tlSXJwNU6UbrxZ1HC6QLc4iPTLm,Altered,5,6,7,8,10
kLdRWS5zZV4qROj9sKnd9iZWFz7,Altered,5,6,7,8,10
TdGXidEh6uWrti5bNOPlU0cSt17,Altered,5,6,7,8,10
aMzSildgBA0ntpC7R0whO4K0Mw2,Altered,5,6,7,8,10
_uDnxglH43byIQVv1pI_OEIiy43,Altered,5,6,7,8,10
UUBzmHfXKlnxpuDgUGI93aUbdi7,Altered,5,6,7,8,10
cRVfoF4tjtF3TFvhU0OrVOMkSEg,Altered,5,6,7,8,10
MyoGIamBIbHZurfkotXVlHltFm4,Altered,5,6,7,8,10
i8WRh3HGNFBAtPG8834sQVMO1w2,Altered,5,6,7,8,10
zt9SszOnExUjyusdMsvz53LGZSk,Altered,5,6,7,8,10
vLoYoiblxWdpd8in8JPIPELIUi6,Altered,5,6,7,8,10
awyKUPBV1LsOGPvg_aTHskILJzg,Altered,5,6,7,8,10
1qD71y3Q7z9USJXtau1bSYWZx7l,Altered,5,6,7,8,10
EA_8L4IsNsu6mURbTyLgmPo07kd,Altered,5,6,7,8,10
OJWJeTdOogYeAw5BgVAOsEO9flc,Altered,5,6,7,8,10
OaSSsMZcIVHjStMmI42LRttC8wm,Altered,5,6,7,8,10
BfVm30Kbkank8W0oCVsPQCBk3yg,Altered,5,6,7,8,10
nFLrmzb0m30UjLrrWLs2g49XkLc,Altered,5,6,7,8,10
QHv1dVmCSxKmGW2nKqEgj2mw_J,Altered,5,6,7,8,10
yxYFHDd3pDX4VHG1KgTqTvXmJ9h,Altered,5,6,7,8,10
0lZ2wd_1F9hW3WUxU73K1CWSsr1,Altered,5,6,7,8,10
wmroC_Aj78kVLSP7ZNy4bHqNrQg,Altered,5,6,7,8,10
dK2IADGLETyXrwY_mRvEnYdEsfk,Altered,5,6,7,8,10
CNS9DUbWOslcbdAIzGVhaXmsRy1,Altered,5,6,7,8,10
wR6PXYrYSsYx3Miebw7Ly1Xxavf,Altered,5,6,7,8,10
O7vBKBMrvGRhPMOAxJd4YAM6Tl4,Altered,5,6,7,8,10
ydnTf6GZZVcTYl0mnO13zLGP4Zd,Altered,5,6,7,8,10
JoZteqpqjEL4psSiVKDnsyXcTzk,Altered,5,6,7,8,10
dBblXdo3vbukqhyqVppmZlluNq,Altered,5,6,7,8,10
01u3BKU7QEr_aQL3PmGC6ai7pZl,Altered,5,6,7,8,10
RgKbjd4bkKp6Q4TiLLk_4yqZ49m,Altered,5,6,7,8,10
n4_R7_lEshNa4JIfcHqxfRnWqtb,Altered,5,6,7,8,10
D904NJDqWDw0DdPtrlcYPscO0_5,Altered,5,6,7,8,10
Ihd4Xzeitqlqg9Nb7lwkce_ZkQk,Altered,5,6,7,8,10
thtABx4p9giyFUn8JnOaqlnHr86,Altered,5,6,7,8,10
IzTSuX7gTCAlT5grNhNqRmH4Bt7,Altered,5,6,7,8,10
58MzEgSuhBC6j6TCRvczJrpDJx,Altered,5,6,7,8,10
OUXjcwzf4Z05fZjEyBVDprzRBC4,Altered,5,6,7,8,10
4y8YZweIDx8idzlJMRPs31o1pk6,Altered,5,6,7,8,10
vy8EOfDeW6Zw9a157pA8HReFGkl,Altered,5,6,7,8,10
tR7qAAlwdkOyUkGJl_dBQuQtlf9,Altered,5,6,7,8,10
O2e3tCLLCbOfgG7Rw2RV7qYFwKf,Altered,5,6,7,8,10
v5DuQU5M6uizu5JDpV0ji4NIisg,Altered,5,6,7,8,10
xxPlkz_0s11RQXxvJBhpPqkcx3b,Altered,5,6,7,8,10
AZMnat2SsnIboGjlcwY7Li1HF68,Altered,5,6,7,8,10
ezqDordQAyDn5O6QksYJZwhYZy9,Altered,5,6,7,8,10
Ze53Y7Hk9U43_Huj85RW4PEJR2e,Altered,5,6,7,8,10
VAjWDnl7ftuanHnWMqnZVT32g82,Altered,5,6,7,8,10
THcFk02QZ3JR2ky2WTztsRaufIi,Altered,5,6,7,8,10
MoXzWSvqToORQilOZ7QEDwAc3yd,Altered,5,6,7,8,10
M_s338IWUVfI0F61VwCHh1jP7Zb,Altered,5,6,7,8,10
X8EdBUt5ZqPSZ9kixBGY5daZmM7,Altered,5,6,7,8,10
wvwSenpgIzstkJWt5YRecLUHLGc,Altered,5,6,7,8,10
GDM27hHw1CFudp6h3RRV2e8WOlb,Altered,5,6,7,8,10
0Iw9wbmBMFwgZpzbU7Xs0t_1XXi,Altered,5,6,7,8,10
VXRQxXUQ_EnEqhvWqLxcCEWxsF0,Altered,5,6,7,8,10
66fhhiwfc3OPzR0aB_KzjIc1mk1,Altered,5,6,7,8,10
FKmLQVoI5cDiKHeW7l4cOBomHeg,Altered,5,6,7,8,10
CI4g1rrj9QaPGiZsomp7q5TfoH,Altered,5,6,7,8,10
1pbLX9FFZi7WxFU1IQIj0Nfoiu7,Altered,5,6,7,8,10
BPDf2W_lM88XQ1DKEynEJZkY846,Altered,5,6,7,8,10
YDawAL_RCNGLSz31jz4Az9CeOIa,Altered,5,6,7,8,10
nR7c9_XociLTrarikCD4I_gmICi,Altered,5,6,7,8,10
p8Qe417lLfbpS0FMFVjy3dro0yf,Altered,5,6,7,8,10
brs_RTigvNQ6wOKxffC_a64uUbl,Altered,5,6,7,8,10
FWDDwCUJD_yAt7ZMqshlJlFnrzg,Altered,5,6,7,8,10
ZFKNZxzRIdq9P4BX7DkfAy84gCe,Altered,5,6,7,8,10
___o7SVsefW_2lz6Yd96p0Uu7z6,Altered,5,6,7,8,10
N9WhKVlOlY5iZF7ZnydGqZZML2f,Altered,5,6,7,8,10
sgaQC9rgFb0YS99RH0zUoAuRJel,Altered,5,6,7,8,10
_gm547ezm6ogQ_AP3gpdAHsmOXc,Altered,5,6,7,8,10
DoVOEL80KkYbuwbLhZFvUbMSbE4,Altered,5,6,7,8,10
8iafRcyHuaTkGziz9330ollUqjk,Altered,5,6,7,8,10
wau7llCxdyYeLLSB9L4CUahZHel,Altered,5,6,7,8,10
m3lB0xf8aQJO5Ljx8t0SGpBxf2,Altered,5,6,7,8,10
y5BjDl7xJNgEoPnxIyBNshLQNCf,Altered,5,6,7,8,10
GGVSs9hI6ZMhHP0cuX2s0NQmz7m,Altered,5,6,7,8,10
ZROKnItaYJUjxBER1GALmk0U9N4,Altered,5,6,7,8,10
5tvWuDI7nhxlmPptthf_cYpQ6Mc,Altered,5,6,7,8,10
c8UPZJwyVp7wXS20oJlqjACwGJ5,Altered,5,6,7,8,10
OgbWFJcHQthewIBAWuEbgzQAT02,Altered,5,6,7,8,10
gBEoDWZnRWpuWezzXk9j4h2Dzjh,Altered,5,6,7,8,10
YXyKwpWR7GCdYqUmqJcFsjIybVc,Altered,5,6,7,8,10
EoP9lsNLyT8Waug4o6goHpLZ2Ib,Altered,5,6,7,8,10
J7zGNB6CPdStN5hRdsYH6AfvOa9,Altered,5,6,7,8,10
V5PhTleUWjdZvm9BSmxMDoeBR9,Altered,5,6,7,8,10
efoB8t0YAMXTavwBcvUa66yhHLm,Altered,5,6,7,8,10
7Yg0xWLHWu6Xlgb0uXrQ_CSv6Ea,Altered,5,6,7,8,10
L0f01ootWRXgmeBpyRFK27vnJ1k,Altered,5,6,7,8,10
mzoA3pVK_SLFayWpRF4ZUigHM60,Altered,5,6,7,8,10
oWd38dwWbJV4auoRQjm31Sv7gDh,Altered,5,6,7,8,10
AhPvSe7QoidTH9Ko8XkOWqJcjWd,Altered,5,6,7,8,10
hwBX3rQH7fmovr_rHL2MvgUmsIg,Altered,5,6,7,8,10
WkPksTa52R27FvomJHU3Juo6HG7,Altered,5,6,7,8,10
yTz6FVapus2_MU8ryRksq3QlZi6,Altered,5,6,7,8,10
9yh8me9Hy1ale6rM8RNBiipY832,Altered,5,6,7,8,10
aU9FZK9Xue93xqFCoGiApPLRsw5,Altered,5,6,7,8,10
iQSGBRbze_u2YOZ9dm_TgCpzgl4,Altered,5,6,7,8,10
r3fWlvWUJG0F5zMXEAwDNKPbVi5,Altered,5,6,7,8,10
m8M1uyY1cFVFsK7nw0LEn_nu4sk,Altered,5,6,7,8,10
BAW1au4d9sfQGLUjc5ZcAuQqKga,Altered,5,6,7,8,10
xlSBxaI7GeHMy6dsDvEAtz92YLl,Altered,5,6,7,8,10
aVntE5iiLBx8SvF8Y8NLbAxZblf,Altered,5,6,7,8,10
1tmSCAhWp7EvRIKuzSK5H48Ogc4,Altered,5,6,7,8,10
R7XB_mFCdEhvOZK_ea5pjse2ilg,Altered,5,6,7,8,10
TQaoaqFpYy_jx7JIEAUWSg45Pe5,Altered,5,6,7,8,10
hZjViK4fvco8_KpGsgSjZbixN6i,Altered,5,6,7,8,10
nt_oxfnG7NgP_DO6HfFGnFMnrR,Altered,5,6,7,8,10
_dZsSHiLKSWQoxbbgphbXMKOzKc,Altered,5,6,7,8,10
C6A_F2gCbuptrPDnf4kndEYBtEa,Altered,5,6,7,8,10
JYzg6iQyrgrFMielGVsaDfHV8e6,Altered,5,6,7,8,10
Hs97AftuFkOdOfDWywiIoVpL95m,Altered,5,6,7,8,10
CfLdw_lObrVCQxY1ZmVo6kqo26l,Altered,5,6,7,8,10
biZGxMVfz_IJsxEGe5YLfAxuw6m,Altered,5,6,7,8,10
hfIDBFj6cCmoZj5jYJIQSEIoZyf,Altered,5,6,7,8,10
70M3CyjDaHM_xAznXWWqAXA0KUc,Altered,5,6,7,8,10
FLKzbLkcODk4X0QLoHCClPq7Mem,Altered,5,6,7,8,10
D1e93liZzXSlA8OBYZOs65wbrA5,Altered,5,6,7,8,10
6SnyAs7kjykU9id0z980Nm7hHa5,Altered,5,6,7,8,10
dNvfOyDAGhZw4BlixtXiT_m99Je,Altered,5,6,7,8,10
OT64TGgJnHFuTFrhXCFZOBIz0V5,Altered,5,6,7,8,10
r2pE3OAu2l4tcJMp27Mh8598Jwd,Altered,5,6,7,8,10
vOr04HpDqoaS6cieqaPe6AykRDc,Altered,5,6,7,8,10
fr0XCUcaI2U9k_KQbbB8j4C5ii2,Altered,5,6,7,8,10
tNUj5fHTQA7mZfEcjvzEC6F68ie,Altered,5,6,7,8,10
KbiRBn2APq2g7i_75evbk2d2YA5,Altered,5,6,7,8,10
sKTUJ5TUITbvu_soFoNMuakyJr,Altered,5,6,7,8,10
ijiqwJZKDcDuDt2RaP4_lHB582j,Altered,5,6,7,8,10
bqvelQg7u81QE93mM2SN7yVbkn0,Altered,5,6,7,8,10
MJuCiWxLX7_xicyudwzjtfeCVg,Altered,5,6,7,8,10
U4K0r2kvHKsOfNH7OstCKdZM7Gg,Altered,5,6,7,8,10
UlloJQJrtYQKZJ47hI2rcA2cnie,Altered,5,6,7,8,10
o5WjEz3FW9IIAqBRrf1Cuthg1gc,Altered,5,6,7,8,10
eInwNbeEsJUrOlXbGoZd9bysAe2,Altered,5,6,7,8,10
KgwHWWdJqc6vzbjQco7cryQHjB8,Altered,5,6,7,8,10
gpKlydquMPwBqIClyEcoEqaFT5m,Altered,5,6,7,8,10
A5Wm2pky07rQ99crkpxhT_Y36Rj,Altered,5,6,7,8,10
OAxizkaJ4wc5Z4iZuWNP2BZKLG3,Altered,5,6,7,8,10
nbtREUsISuq6LMQgy_QuA30Gz98,Altered,5,6,7,8,10
EuSY1cX81EMnyp31JeGp95zRBe4,Altered,5,6,7,8,10
mCGb0i6BVezfLtQy8If6kitkax4,Altered,5,6,7,8,10
KoWmRryZWdbaAysbJJt9iCIqSIb,Altered,5,6,7,8,10
1FZEewRWMrtX9zGtU1YzHCyXG5b,Altered,5,6,7,8,10
TV3BH6rOfcWjWvtXcGp_7QCCFGa,Altered,5,6,7,8,10
ZyZupOgtHrbs9JsrMbzxEm3Maei,Altered,5,6,7,8,10
nxTvlAi3yOPOlXLBrwdfO1jKhy1,Altered,5,6,7,8,10
dephumILyhLdTpku4fepvNXu3A1,Altered,5,6,7,8,10
6e0LRmcVncABTNNEFWEGmuzEqo,Altered,5,6,7,8,10
a1z6lg8jOMA0uI8L1Ghglh0eYw7,Altered,5,6,7,8,10
KWpl66P9cTQg05wWmDJMCzJQjZa,Altered,5,6,7,8,10
5R1ZFrMMViQU8KBG4tVP5ObRtlk,Altered,5,6,7,8,10
bAEVshGhW8pm7Y37uGqy_gLBZF,Altered,5,6,7,8,10
2hVk_CAys0doldzcCjP61W2Z94e,Altered,5,6,7,8,10
USboilpMYp24gX0k_4AukgalN_d,Altered,5,6,7,8,10
ZTODpKdvpveAfVlgbNdey7G4S4e,Altered,5,6,7,8,10
Atwy8CGtAjAOlbMU7oG3PyLiE5c,Altered,5,6,7,8,10
Sy_4c7Jq1QQCLpL7j6bqGgRLiE1,Altered,5,6,7,8,10
JEvJJwBISE4iorNWVJ0eExuxnik,Altered,5,6,7,8,10
NrRgWNb3NRlGbiD3noWQUn1jr54,Altered,5,6,7,8,10
bo7tmliVelsIgTmpqz1QuQuxK55,Altered,5,6,7,8,10
PxUqIvu84ukc0CT9ez9E6qLw6db,Altered,5,6,7,8,10
jOdXY0cYEIAufhZ7DeVEzCIVR37,Altered,5,6,7,8,10
DqBH5DDRS1OTItnOQxXiUYOvo2m,Altered,5,6,7,8,10
Dz9W_xfnjby8f4UUZYJG7DNgnu2,Altered,5,6,7,8,10
95XpOp232Uso1KxvRweMfwuFM28,Altered,5,6,7,8,10
zKqoNH8K4Gj2p6jBSFrvBeKFHgl,Altered,5,6,7,8,10
zApnAOkWl6BKsbZL3tPqCZkGGd,Altered,5,6,7,8,10
spHrzUjAbAbU9w0FT7vbyVjhHik,Altered,5,6,7,8,10
qrqTAo2ntFZlwdl_0VAhiOYfkT8,Altered,5,6,7,8,10
hv1dP9qjkflhSJzcc1jt0FG24Di,Altered,5,6,7,8,10
ewydfhIm2W0uyfgBSkEdgT9Al42,Altered,5,6,7,8,10
u4QYS6Wv84fg04tfvH3qFsksCbc,Altered,5,6,7,8,10
BfGjKFSpDpeinVPw8ZuZqcvUr3e,Altered,5,6,7,8,10
gDNXJBxBx7B3ciuSa7EmIpBT6Pm,Altered,5,6,7,8,10
KNXepiQ3JM_cJVvA7Miou7mLQU3,Altered,5,6,7,8,10
aQ7RYmA6qi0n3CxAbBaOn1MFcS4,Altered,5,6,7,8,10
BdJKuOBSiLikBkivRN53a9YSNn3,Altered,5,6,7,8,10
CBIy6dP5htxWY91pS_5oFy_QDkc,Altered,5,6,7,8,10
h6EM3_UBayP_S7KS7Ob7IlYYrVb,Altered,5,6,7,8,10
5pRMmJrmFclfktDH5vE6mbYvMB4,Altered,5,6,7,8,10
CvyizXOCTnu3ZWzVIXDU8ybzRya,Altered,5,6,7,8,10
hD0W9csBqUxGwAm8ETASunPeeAg,Altered,5,6,7,8,10
A1iJPsGmaJIFSlkqrDFfYESTtqj,Altered,5,6,7,8,10
5yQ8w513FGkGqrdPT59AQAXnJCb,Altered,5,6,7,8,10
ztUie4RH9V8xzCeUPFgOGHJyAS5,Altered,5,6,7,8,10
5NFNwhct8Wek4ICameQ_6h6HtH6,Altered,5,6,7,8,10
GKKQEMvy6_Mhf3A_7AXujHRMVO2,Altered,5,6,7,8,10
n8EwFcGUFYpLqrXcMGgSiA8h538,Altered,5,6,7,8,10
aVANo807MDCSuTzfI1rKkEZGrYe,Altered,5,6,7,8,10
EkVoMC742VEpchn8mGi3oddIdp2,Altered,5,6,7,8,10
H6TCurJdwCQRCJzoXzhTHaBRwzm,Altered,5,6,7,8,10
DpokiKyzkEyRrHTkvOpXeVUe4zk,Altered,5,6,7,8,10
6vKRwCZ31Poa84BkfIPLI3J70eh,Altered,5,6,7,8,10
TU5YDyR_DXJKyeYK5cLe4B6vgS,Altered,5,6,7,8,10
_J9clje1j1RgGxPEQThXk5hJu7h,Altered,5,6,7,8,10
EGH9ZN1Ym0N7Tc2b182ZcuJewi5,Altered,5,6,7,8,10
Fv_A5FaBnKS6jCLEbS5AjzBQ5hg,Altered,5,6,7,8,10
ZZ5wzi3ADsgFIq3YdXy1S1EXvE5,Altered,5,6,7,8,10
5abrQ76kXnygnVNDt2uTPE645O1,Altered,5,6,7,8,10
yDpU9oRMC6UH4rbx3T1oLnljMxi,Altered,5,6,7,8,10
EhgBcBJvd4ivoGKRMYGHN_9eqp8,Altered,5,6,7,8,10
ZWbYCJ_wObcLao9pZsQkremjGBh,Altered,5,6,7,8,10
f6cg5HBvKN5fllrmxsOLwWiIkUk,Altered,5,6,7,8,10
cbqmmqkb4EdptuhS1bUp7MvXGXf,Altered,5,6,7,8,10
VVesIba1JDMsN67xcjo195ilWB1,Altered,5,6,7,8,10
37uIKtgeRZ1IRxv3W0PgDr9DSp,Altered,5,6,7,8,10
IfvSdhydk9ard0Iacm3u0M5tWI3,Altered,5,6,7,8,10
hlGVTeOKG0wgL1lHCBSewsq9rg1,Altered,5,6,7,8,10
v8dsc92I_eyz2379yEhggKIvQQ,Altered,5,6,7,8,10
hVn3NtiyeRQuK99ff88PteE7sa7,Altered,5,6,7,8,10
FURUJMdBmFlTOGTjyc95WEgd2Dh,Altered,5,6,7,8,10
kkdD8cS8wAPiK4gF9LGv2FR22O3,Altered,5,6,7,8,10
NbaU4J28Kf7oN7Uq5OICrc6ABra,Altered,5,6,7,8,10
yePzIC7YkRbUWXS_S9hhFFeEasc,Altered,5,6,7,8,10
nkgQmg4_A2BBNuEy2mxGv7bYrM6,Altered,5,6,7,8,10
AdDMK9KBBfvLtcBK4dqvir5OmKd,Altered,5,6,7,8,10
rvPouBxT8DnIlH9tI0K8fjlP8B9,Altered,5,6,7,8,10
pPgIaRKmyPkWAIQrlNMuIoqHqBb,Altered,5,6,7,8,10
WtiGiEFkXPgFu7LRbbGQ1Y6slif,Altered,5,6,7,8,10
k7d01N1Ev9XmWniOEaXctsJsddb,Altered,5,6,7,8,10
OLNaxm3zV_ectf9E01qBu6fAOQc,Altered,5,6,7,8,10
PKbwX2MrwIMvZlZK_jlooSQOU06,Altered,5,6,7,8,10
lkEG0Wv3ShE2YeovyeWGIF4G4Ba,Altered,5,6,7,8,10
9p0pIuu1YDQhROWXCvpR32yNhv5,Altered,5,6,7,8,10
E9bzrlGziuWe3rKxf1SCjr0lI_f,Altered,5,6,7,8,10
M4IAV8L37NbGUgWF7Fo8QeGVw0e,Altered,5,6,7,8,10
WkZxHNj6osov3PPWYmxpV1kdLI2,Altered,5,6,7,8,10
YKC_pnhWqUxB8daQrr3jZhOuvcm,Altered,5,6,7,8,10
RiTRCaDmHghYbpI9MEsLm9xN_d1,Altered,5,6,7,8,10
pVoUf_JNvJN6MyLElfH6MtdjgXe,Altered,5,6,7,8,10
AevIUTj6NHUORhh64AExTeHnN2j,Altered,5,6,7,8,10
GbbUlWD9XwvlZrM4qgAB2erHEse,Altered,5,6,7,8,10
_1HDKc1voVL5gJdVuaLbHQ4zq11,Altered,5,6,7,8,10
2spTPTl4dmmrX3F53NKUP8fK4A7,Altered,5,6,7,8,10
yAKWCv4y_6Mc80Yb12sM_MoRRL1,Altered,5,6,7,8,10
0uB3YudIaRRNYPneP3Xijw0qrXh,Altered,5,6,7,8,10
_zKS84zaKEZQR0ZtQWBJXixr7qi,Altered,5,6,7,8,10
rU46rfRVUsCPj9K6Lg78W0glwV3,Altered,5,6,7,8,10
1HKaq4iMYbZV4CjIEqwPa6I9fmk,Altered,5,6,7,8,10
pKhCYqoRY9bgzZZkODzBLsgUE7a,Altered,5,6,7,8,10
Z2FS25Ni432KOfNrVn6y_Fkvvud,Altered,5,6,7,8,10
v86Ne3aRdBfUKAkf1iSnGzOKBff,Altered,5,6,7,8,10
23AnrbLFNlAZ6x0_ndSM1_Y5bxg,Altered,5,6,7,8,10
_sq5PihWkcmQJVIZv6YdD_9XyBb,Altered,5,6,7,8,10
dtdcO0dDyVSesQRf9IY9Ko7r9Xb,Altered,5,6,7,8,10
RqddNGwNQf_trqUWAgxIowioVF1,Altered,5,6,7,8,10
sCGL5O9bbMBFyND0usTP7zXdf86,Altered,5,6,7,8,10
DHaHMLwYpEI7N_wwJeQ3Ax4xgff,Altered,5,6,7,8,10
xIE3gHNGgsQwYCH8r0XTRAD387e,Altered,5,6,7,8,10
qLpVAKbrVIHCMZPQPWu5Iwa4i9i,Altered,5,6,7,8,10
eEWfOMA3wyXa5qh_kL0IogjBPq7,Altered,5,6,7,8,10
KMk9q4Ai1JvOqE9xIL215nliKij,Altered,5,6,7,8,10
7lBRpIo5N5h5lzL9CP8tpNmcJb5,Altered,5,6,7,8,10
VeWyzVvzQYFB0bdkjr3Y_lbvYyc,Altered,5,6,7,8,10
aGk1I1JmR6QKqA_t6MY7H3IOmH1,Altered,5,6,7,8,10
9ymeljXfw9pIjfyZenx_P3LvOCg,Altered,5,6,7,8,10
nUulkjwXrzCRvz_8sah62pj1HB7,Altered,5,6,7,8,10
tL8FBItRZmYrw2HQ1esV9334763,Altered,5,6,7,8,10
1fPEOiOpzgvPG4fsRgHnjiPBtL6,Altered,5,6,7,8,10
ByDLwEEC90A1Bc4iHAMfLW366Fk,Altered,5,6,7,8,10
IaAZn2AFTyAIz5Piv6vMg_QVBz3,Altered,5,6,7,8,10
T8MDHXYqpM345Bi9hC7006M4iw6,Altered,5,6,7,8,10
ABrTKovT8VdaXDF8ee2ODkAv7L,Altered,5,6,7,8,10
5VZIc3qyJ0qGD9ozv_OJ5aplkGg,Altered,5,6,7,8,10
OWTUcXk9MXaQgtlyhZxl84Tuikb,Altered,5,6,7,8,10
yGuO1TWurUtZbBzlSpPKGDo8WQ0,Altered,5,6,7,8,10
DHKRhKMXRvYfOtuyHCsd45CXsZh,Altered,5,6,7,8,10
FTQmbJoCI1DGeImsD2ynsVck327,Altered,5,6,7,8,10
TZ9MO_97C7phcHThL4W9Oo3x52a,Altered,5,6,7,8,10
igwE7BK9DBm354r4MnS9G_PShOa,Altered,5,6,7,8,10
u7KOAxGyBaQ8JtOXkZZRIaT_f5h,Altered,5,6,7,8,10
r0_MQbZdWqLMkUxoOHtj15oQzy7,Altered,5,6,7,8,10
amyrPdVcVRGCF7gAFmTZPGAoBBa,Altered,5,6,7,8,10
GyhcxYlP2Snhw4a76e9N9FbvxW1,Altered,5,6,7,8,10
nAnPF3HKbFLckiReRKF7i_HeLyd,Altered,5,6,7,8,10
bW4h8UxXgT3ORFFaBPaWPm1P6v7,Altered,5,6,7,8,10
uN8vPtKvQf9KIklAGVeHfboMG5e,Altered,5,6,7,8,10
iecOr8V7sipQhtX7mA0RpTFwwj8,Altered,5,6,7,8,10
fCJm5SNddhb85K8SnmOOhj9irW,Altered,5,6,7,8,10
6sLpdFwj6dCYBpI0lFEyCvPg2Vf,Altered,5,6,7,8,10
I2RsKYxe_WofuIqbgsbJ7iIySfm,Altered,5,6,7,8,10
yVMQ2WctJCsylHzcxsVTt4IpWT5,Altered,5,6,7,8,10
OMSXmt0TgGlMqkynsWzIFJSL5X9,Altered,5,6,7,8,10
4JJiQmwPPpftwgbPosumIxBu2Kg,Altered,5,6,7,8,10
K8pbh0nWFiwuEzfoYhI9Oh2EE3c,Altered,5,6,7,8,10
QwkvQfx0RCwdYt2r1ctP7ZPVqzl,Altered,5,6,7,8,10
ycXSLqGMSuhCOViB3LxBzz1Vwl1,Altered,5,6,7,8,10
s6_oapo_qQh7EXh0XKzxTshh51b,Altered,5,6,7,8,10
BAoxs3qFNPNArjxt70K7b_Qhtcm,Altered,5,6,7,8,10
JyZLsVfAbZnO8nu3KTQ64uAFUr,Altered,5,6,7,8,10
Crqbu2NdzqjVXJ1_KHj2FIzbsb9,Altered,5,6,7,8,10
YB55Nb9SPAONH4UuY6JxC0gzr97,Altered,5,6,7,8,10
oSeuVSainC5A8FtYs6OgDb7pYK1,Altered,5,6,7,8,10
aR_ritUjAD0GKZPA2zswoR68Dbc,Altered,5,6,7,8,10
eHcWFTw8Boh8i_mJFNRuN_bFAg6,Altered,5,6,7,8,10
0WXJlQUpzl5fVS1vQLJ7YEZRCP8,Altered,5,6,7,8,10
X9lXNOamaU3cnR0klf3zVaeVytf,Altered,5,6,7,8,10
DmBYmhGcTmgCRHevGSpnCEH5xcb,Altered,5,6,7,8,10
BOVSy1CUkx5303luT0DG5UASMki,Altered,5,6,7,8,10
Yd_dFFdAMpO1c0rLoDchBerJFKm,Altered,5,6,7,8,10
dGlb9eUHy7g0SDvXyzLO9Dulgn7,Altered,5,6,7,8,10
ZtRTyCQAi2Ok91IRLUa4Oy5vbcj,Altered,5,6,7,8,10
N8ETYwaejqjwQwUUQ90PqwrmCy8,Altered,5,6,7,8,10
WdjROKpE1mGynkbnWmRwD8xJ3mg,Altered,5,6,7,8,10
jzImpG5cO8PvprpmBav0yuwJ9yj,Altered,5,6,7,8,10
RncnmzxthFcUFWT5zIdfgI8d7pc,Altered,5,6,7,8,10
yaswKN0M8lQwjPT_H41_R5RGbMi,Altered,5,6,7,8,10
Luil4F0YgPOstJLhewJC9pQKhY7,Altered,5,6,7,8,10
CCKTuCWZFEGf80v0XxVHmVExlxl,Altered,5,6,7,8,10
HbguFHUMsbuZNBTtqI5t5v5QfD9,Altered,5,6,7,8,10
aP_3g8mxSCAni0UJJYGoPZ8xNV4,Altered,5,6,7,8,10
cioAOldH_8_TwkmWhqfUhT2OvAi,Altered,5,6,7,8,10
gguhroZkJw9QmFHaAWFLzhuBxb4,Altered,5,6,7,8,10
AKUAxwK0C0lPjwiFnZRXFiif6km,Altered,5,6,7,8,10
XnaUQgSypHMPmPwEsK51fyBLhJe,Altered,5,6,7,8,10
UkFsHn_mn_EXdiDsREJDdqBxXXi,Altered,5,6,7,8,10
y6TeQUwJhyURWe9HElYiKID16Rb,Altered,5,6,7,8,10
tQ81B9mU2RgskF1i4ZHph3R9qaa,Altered,5,6,7,8,10
Er94ZBXL_qsF1AZQTlwas8kFjQb,Altered,5,6,7,8,10
sHQZQxP1p2ErgChOX138V2ZENuj,Altered,5,6,7,8,10
kiyw_c6TANhjTMT7EhSxz37GEK0,Altered,5,6,7,8,10
xpvTAzgyYHMdwypxuP8e49yQts,Altered,5,6,7,8,10
uFnmpMD7XBgairQ8tgtN9qb1lL4,Altered,5,6,7,8,10
2wavM72gcoaLnS_7Q9rYxKl81Y8,Altered,5,6,7,8,10
bRVQXsw1dhYdbqXQnrUBGEOcZm1,Altered,5,6,7,8,10
AYWIfbStH_VbSa8KAfAiYawn2ah,Altered,5,6,7,8,10
7lYqZAYerDREdh_EG7V7fwCBExh,Altered,5,6,7,8,10
AeErtnHi62QUYs_hYIoWLfqfFPb,Altered,5,6,7,8,10
6HmikqIqoDrtYDckVBLI3PVc4K3,Altered,5,6,7,8,10
BBe7vzIkJ4IinXJJR8Jyu9gPqY4,Altered,5,6,7,8,10
p7Fr6j8h4_DVLUq4sPaicpRI9nj,Altered,5,6,7,8,10
YL5pHU4DoJtKVeGNlKhN_SzLZb5,Altered,5,6,7,8,10
m0BnCH4O4d15r4YyyXbUTyJYY94,Altered,5,6,7,8,10
bS8ATS_EiBmJ5cU_Zfv8x_qGsJ2,Altered,5,6,7,8,10
iKbfUt2d9wuZUKcv5dWNljGWQd1,Altered,5,6,7,8,10
zfL5E9wCf0ABVF6KQBC8nvpiOMi,Altered,5,6,7,8,10
UCB1MC5NoG1kfkUa6kOeaKyZY5l,Altered,5,6,7,8,10
05vv5Me75yncRC3p72wPOq2MKO2,Altered,5,6,7,8,10
3DAzTXjikcQ3J4CoDhJ7uc6pkwd,Altered,5,6,7,8,10
McbXaGreNcuD_tW2SoZ5bi1N7wg,Altered,5,6,7,8,10
hd7tvDibhwGhgWxo0iUT9kqzZM7,Altered,5,6,7,8,10
3pLJ3ajvLRrWyXbOfoQmwSsSBz2,Altered,5,6,7,8,10
1YGRFORPTWa5G9WYYeuhEOACRaj,Altered,5,6,7,8,10
wLiRUDR1GF3vpL7NK0WtewZcjr5,Altered,5,6,7,8,10
cwmLKGFzaizLg13NXnOlwPWh9t8,Altered,5,6,7,8,10
3sEEaDygQjzNQx__B6r06bDvD7i,Altered,5,6,7,8,10
7b5NC1N8W7_uAWA2FzwA_6mNeU5,Altered,5,6,7,8,10
jGmt1f5kjeFcjBpKOzcLoa7JsZ7,Altered,5,6,7,8,10
Z5maSmHvDslF0eC5SRQpR4B_4S9,Altered,5,6,7,8,10
DJsqnQEOc2ohPpK_4cRXLi7uNm6,Altered,5,6,7,8,10
6UuK9y9xcjJb_qHZ1eHCCh3cMr6,Altered,5,6,7,8,10
97Oj82WhZB5DkhGJW6pmwiXB1U4,Altered,5,6,7,8,10
rOgNmmLG4WaiE3E6kBd2I0YDDjg,Altered,5,6,7,8,10
ZxEQsj5HQOh6ZfCe469OL6b0IFb,Altered,5,6,7,8,10
dJrkyHoa63KS77o4DCLqTldxJ57,Altered,5,6,7,8,10
rrZRhBomYCb50SqXOgsSzKPhrAc,Altered,5,6,7,8,10
a7TpMO_VGdVjIgupO2CNLGOmo0k,Altered,5,6,7,8,10
yUW6iijMFC_Fq47Rdfv3WYOH_ji,Altered,5,6,7,8,10
B3vaS0r_renj4kTe2uQw905Vh93,Altered,5,6,7,8,10
1SR0XaunYy862QUeb6_IB4_ip9j,Altered,5,6,7,8,10
2_ABvbU9YmZYxXwd0gjTVR2xFW,Altered,5,6,7,8,10
zxJA32cad8XV1TJJOHstB6Oir35,Altered,5,6,7,8,10
K9B_zZ1yWdeBiaxOdyfLZeMwL68,Altered,5,6,7,8,10
7L2RcPd5sJv71ltIU1aoCOdmBRh,Altered,5,6,7,8,10
ncIVllLHqaZt27bQkZMrOXgBWh0,Altered,5,6,7,8,10
ZTUpTE8_cgPwhawOnk44SyNKSEm,Altered,5,6,7,8,10
RUgVdLn0v153i78jE8_cQOAYvsh,Altered,5,6,7,8,10
IPYuq7707lr5JEUAxbMZSJSgCGm,Altered,5,6,7,8,10
YsdPv5sa159W0_bMdi2TgQCQTI7,Altered,5,6,7,8,10
A52MmznkSstaR7883YiLltjI8o1,Altered,5,6,7,8,10
ZLp5wJ7yK3zMt_Mo2rZ0aIDsfCk,Altered,5,6,7,8,10
Rl664skSSVJcZvN2nGluWmEFvtb,Altered,5,6,7,8,10
ZATfDiL8LmUKaqDZ4zc_GWlrmUl,Altered,5,6,7,8,10
xMHS5NJBPk62hOiwsoK8h2c_oq,Altered,5,6,7,8,10
38Eoo1xWS_aPwD2y6XmHjRcTpfk,Altered,5,6,7,8,10
qbzgxn6nK6jaQaqy5bHfBdZO91i,Altered,5,6,7,8,10
4e8xWlHmw4YV2svp4EPnnf_1EGe,Altered,5,6,7,8,10
QioJxvJERcrA0eAokmSi8S9K_df,Altered,5,6,7,8,10
dD5bS4ONb6U2J5f6ZAxboY3Svlb,Altered,5,6,7,8,10
iRE2VAk1gsGNKvn0Unj8pTvWRr5,Altered,5,6,7,8,10
LFqlZU44wHrkX9VWK0YLFI6KgSi,Altered,5,6,7,8,10
T6q5ZLZHwFYbpkTsDyh8U5yki54,Altered,5,6,7,8,10
F5F6NosoMcJRS5BwWJWEOTMRmb1,Altered,5,6,7,8,10
ZPn3kiC3aBk43X2Jp2cdIOCYKWg,Altered,5,6,7,8,10
y2VpoiClqbb_XALQ4umtpifeeFh,Altered,5,6,7,8,10
7jqjyNtRRxIvoydRuQk53wSvSb6,Altered,5,6,7,8,10
3M6MVf5UKBrCdWTZJGgbRWP5Tfc,Altered,5,6,7,8,10
yXoqehjanfdjNx4jkx6DU3qhnEm,Altered,5,6,7,8,10
rnmU9hrVUuzAkfcnlOiMbapAHq3,Altered,5,6,7,8,10
jVIkO5jD9Qw1AWWYhElON3d1O8e,Altered,5,6,7,8,10
PPJJMZ_EYvVG4tk8dNPMFJpzpv4,Altered,5,6,7,8,10
3DMXlZ8ok3w1xjgjVsrTwvW7Y2d,Altered,5,6,7,8,10
2SV9ryIAjo1kF64PtjzImHgSLn3,Altered,5,6,7,8,10
75n44rBimitpDLl3H7MoUB9Mtu6,Altered,5,6,7,8,10
nwXgDCFhG_k_miJ3vvUg8BMH_ak,Altered,5,6,7,8,10
FrGeqBssYMKhztuBBnPq2zQ4yM2,Altered,5,6,7,8,10
oSIK6aEmsLvcyH3F4Jc9242XOZf,Altered,5,6,7,8,10
9nZR395qOuFvHpjb1IRkCVBlYl1,Altered,5,6,7,8,10
zjTZvkkkecXbd8ZmfpAUmtZkuB6,Altered,5,6,7,8,10
CCGSuGrMVFdG28zxDp6qhqs4na3,Altered,5,6,7,8,10
FlzVoN42oJ5SLsDyCCOwA8qrv1k,Altered,5,6,7,8,10
w4rXCvg_aCqzWXQE348FU9Othl4,Altered,5,6,7,8,10
VjyPetlqIYFXJfspZtLqZX2gt6k,Altered,5,6,7,8,10
PWabJsd2YyDplXQYffdUSXRXpDb,Altered,5,6,7,8,10
icJUrl7Kdau1RNViQDe5Qn6XOp6,Altered,5,6,7,8,10
FNC3DKtgW9a5kJLHQbDJjymCR1c,Altered,5,6,7,8,10
eNeqoxm8oDEwnF3bgFuvYEc85T0,Altered,5,6,7,8,10
cXIYdRLNYj6Z5Va7wbCapFpH8S1,Altered,5,6,7,8,10
MvG_rqruzmqSYir0Ot8nmg4qDUi,Altered,5,6,7,8,10
mO46JRMToYfn_Br1qZajkZQ2x7d,Altered,5,6,7,8,10
5B1fsuY7PBUEQOms4NAy5m9AWt3,Altered,5,6,7,8,10
ynTstdKUrqeuuud0x7i5MIpDyi6,Altered,5,6,7,8,10
AokfKj_OGeZxPUlzhvpD_FFTZW1,Altered,5,6,7,8,10
BqwAmDNBekI2Stxw5upWLqqrGgb,Altered,5,6,7,8,10
4BDQNa6QAWmLzfkg1Pci6XLnlAl,Altered,5,6,7,8,10
w59gekXxHWbkpS1cQQzgjhnJ_tk,Altered,5,6,7,8,10
Ym0NwJR8nYJ6A_f7hwxCkKOobt4,Altered,5,6,7,8,10
RTIhMSxZedt3O0NY17HFFHxzQ60,Altered,5,6,7,8,10
h8AixPgcpT1GTBDjHvK6EP24AX7,Altered,5,6,7,8,10
8RYHE5PeH42PoN0CQS4rHlA4BRl,Altered,5,6,7,8,10
T1WuVUUFeLemokiHv0ks1ERHYn3,Altered,5,6,7,8,10
CGHQDBvPpc2JtxGbuVYmPodTGO,Altered,5,6,7,8,10
7tYBe7LcKqkWXWEQIus2_U0VxDf,Altered,5,6,7,8,10
eivLbM1dSUcFrLWqeCBL0S2Nch5,Altered,5,6,7,8,10
dGybQZgcydooTpZN2dj7aQhDndh,Altered,5,6,7,8,10
qqgVlKO5zXOkWom6uE3x52TwYPc,Altered,5,6,7,8,10
b4CRErgA_3Ii6xJ3KtEkLhBiQ6e,Altered,5,6,7,8,10
35sfchJjZaIZgl8sjY0KWXuVRyi,Altered,5,6,7,8,10
L9mAjGeGOgJR1r4V7V6wMJm2nCa,Altered,5,6,7,8,10
DBOvUBEZIOLJrDuyZusYHwKHaab,Altered,5,6,7,8,10
NSfdL_Fmge0DhmP1kL13Cft3dNg,Altered,5,6,7,8,10
aYZ15WeHl36VhW5lLXZgsfCfxY6,Altered,5,6,7,8,10
1uSJFigJZFOgUmZomICWZ70QkEf,Altered,5,6,7,8,10
SlTk9q_TmuA7SeH9PTAoI8803O9,Altered,5,6,7,8,10
x9AWkWiZPTLNp5ZnOrhXf_gzReh,Altered,5,6,7,8,10
GW862jQ7s0BdxFvd6c8c66mTFHg,Altered,5,6,7,8,10
dZi6vVCSDrkHJpRWnVZ_zKaw5Im,Altered,5,6,7,8,10
jYYEiye_ZL_85jCfDzj1vRE43Kb,Altered,5,6,7,8,10
aaZkgLNmR64P9ODnIO_IzHMovK3,Altered,5,6,7,8,10
_p6Pgx5ZZ98gbdtMOIh8PrQoEFi,Altered,5,6,7,8,10
fPSyZ4MfUXY2w8tP5ccFreG6p3l,Altered,5,6,7,8,10
CNiPxGvxjooBGETnsXIetECyf33,Altered,5,6,7,8,10
UoLYwyGLKoIdIY5T48iUD1vzVN1,Altered,5,6,7,8,10
JCrn99FjztxhJu7AlIrF3URtBI,Altered,5,6,7,8,10
HJ_gve4yiWiu0HnLVBbyLQHx5m5,Altered,5,6,7,8,10
96rOorx07geS6tKZqGGqa2S4bX5,Altered,5,6,7,8,10
ZVH1Q5DcuQa0Kbzd8GACq6awoVc,Altered,5,6,7,8,10
_swZ9tS5XiRW4A_Q1sJCYzQ7Rw2,Altered,5,6,7,8,10
l72sbjbxhdstjXqXKUMimq4ylJ3,Altered,5,6,7,8,10
mTycdCRWBVevwVqShDFx7ICbYvm,Altered,5,6,7,8,10
CLjiM30zyptN1HlWjBDnvSgK6Ri,Altered,5,6,7,8,10
GwQacTiHkvMcAcDfwfTTh9fTZW9,Altered,5,6,7,8,10
tVqTtzxWct1RseZwTGnThoxTzE4,Altered,5,6,7,8,10
p8rilY44AteXMpfDW0HF6SsbXn,Altered,5,6,7,8,10
Abf7QnG10VpWyji7CXpsHWjoiX8,Altered,5,6,7,8,10
jWDHoSj6zh91rkTPkhxo_jVGljj,Altered,5,6,7,8,10
b3Dj4EUXMB7UKSm1ChSEPT5VGAd,Altered,5,6,7,8,10
F86FYrQcyllF1cvi4at_AfQ_ZNj,Altered,5,6,7,8,10
fytUwjQUTiO94oiNAr86t0NcWcm,Altered,5,6,7,8,10
dwS8Kp13Xrjjx4ebq7yLS7TShlb,Altered,5,6,7,8,10
nrF1GL3A2xmwhrJrJSBOd3DNRHf,Altered,5,6,7,8,10
MvM76zfkrSzYCq9W1_4tw9CRiU2,Altered,5,6,7,8,10
teyXn9ZjldunYm0JmxQcWnUrPjg,Altered,5,6,7,8,10
HGF5vEp4DAjVrUHW8fomXn2J2hg,Altered,5,6,7,8,10
I8iEbGBECWeNt7F39HMZSVzt8ri,Altered,5,6,7,8,10
GganUl3Dd_0r_iAu8MNkEqM_0K8,Altered,5,6,7,8,10
yNC1S9T7Q5UhhxfXbA5E5gOaKKa,Altered,5,6,7,8,10
EwXA65UdRjX3CEuY2C0G7fIM0y0,Altered,5,6,7,8,10
dlGwf90Ro5j9FLyyDATBCjqVQdg,Altered,5,6,7,8,10
tGcTSbAQDWLyNs0bMoxBTlMrqhj,Altered,5,6,7,8,10
DKFrajcMamh6QXpAJ9rXGUIyPFl,Altered,5,6,7,8,10
Mdss_Uw074J0BWPF2w_IQfVSU08,Altered,5,6,7,8,10
HYuOYitRLTPhBMvbXZlqKLCQUK5,Altered,5,6,7,8,10
_oD9a2c5b8UwIuXZBQlbDndNAyg,Altered,5,6,7,8,10
jt3kdIMo_q_qtIJ2cdvQhFQzcCe,Altered,5,6,7,8,10
faETRzt4uvxqSibNNBRYVfHcrh1,Altered,5,6,7,8,10
NmiOKXNkLOQUYKToNOlpg9T2QHf,Altered,5,6,7,8,10
xjvUIYLV0dWE_fl6dx4aBHn2lS9,Altered,5,6,7,8,10
DG9LTTSr00vxNrsQ4ANCQ4IPmX7,Altered,5,6,7,8,10
DbLJN_SW6q52ZEwp2fdlscr2Ov1,Altered,5,6,7,8,10
tpmJrpF_vG86jOnMILxc467moz8,Altered,5,6,7,8,10
PFhVMVvQfaL35R5j5z1_6NQKcJb,Altered,5,6,7,8,10
bqNz2DmVpCoL90mpz1YVtyK0MVa,Altered,5,6,7,8,10
V5YuN4MTvGKlYdpfotKO9lGpX6f,Altered,5,6,7,8,10
W_ELUpzwiTmHNMx_XEO3_dqGdkm,Altered,5,6,7,8,10
G06fpuk2aEXPr7svTyC1RSNrWW0,Altered,5,6,7,8,10
61B4i20XXkHzhfTKIthx40_QI7l,Altered,5,6,7,8,10
KlHiLRsZvPHFUZYIhVR0lVG_XM4,Altered,5,6,7,8,10
g9Mag660Az8qesTPYqol2GF4Lcd,Altered,5,6,7,8,10
mqi7LraFqrI95rFPEJ6twnCXvh4,Altered,5,6,7,8,10
4ZEkCZrgiO1qzrnyH58Ha9VEFjm,Altered,5,6,7,8,10
gOucUdC8A5uABBnO6k52peo_zo9,Altered,5,6,7,8,10
cq1nFmv_lQgdIvMVvPg90mwCW96,Altered,5,6,7,8,10
c9RNXpzrSZ236zafO_ytQUJtxMm,Altered,5,6,7,8,10
22DYuwpxNfG2Su4OIq1bRkigvRe,Altered,5,6,7,8,10
T72MlmP7sYKhJyn7JZXV6Gv9Ma9,Altered,5,6,7,8,10
VbAgHoNRcjOKRu3jfMOfuTsKCia,Altered,5,6,7,8,10
bVmx0CW5aTNxgbUpIYfMbgLemG6,Altered,5,6,7,8,10
XX4ukEv4Afq87Hm5JRdMpwc3bvd,Altered,5,6,7,8,10
exINHigFMIEvwHtYJKmoRtrKil,Altered,5,6,7,8,10
go2ZhZPzOO5ZTlP_mah1k5uXNo7,Altered,5,6,7,8,10
QHdV1iCRBqpz6prHBxWLkt9z498,Altered,5,6,7,8,10
dN2amMlLS63LXSmTUkxYOXCORv6,Altered,5,6,7,8,10
JjuptfsEeBLCpBIDWlPQ51_nh8i,Altered,5,6,7,8,10
C5ebNriBmH58zdoNzFyZB62mHNd,Altered,5,6,7,8,10
ycMMU_LSazNx3ly4an00TlXPjE5,Altered,5,6,7,8,10
vr4hary3PXRcy_Yb0VD2skPrk8e,Altered,5,6,7,8,10
A4UsKuuoCaWdxebaoMLeC5Ujji3,Altered,5,6,7,8,10
Z4VvMPQwxUdJ_Mkj64PurhUVuZh,Altered,5,6,7,8,10
rrXiE12wD2UyAibRlIJiQF2PjXb,Altered,5,6,7,8,10
FHZbd2XQ5KXFGuPO9UJc8J6Xhhl,Altered,5,6,7,8,10
lygek5_pBPoHIk9ztnL2oxL54Yc,Altered,5,6,7,8,10
3eDzP2n1FXT0e6NxPSjixalK3vi,Altered,5,6,7,8,10
AO4EE9OgJzZBGoBT0lpgHmUHuf5,Altered,5,6,7,8,10
B7gXXfQkojDA8elLt1wL9giMNea,Altered,5,6,7,8,10
8cf3gXZxCDDSnWmqt2jebUHL3P4,Altered,5,6,7,8,10
qn5yvjbQRZJG7dNyZn_MIZ7Byj7,Altered,5,6,7,8,10
Sh1GGii21Fe82W3eOGJ9iIV8Ysh,Altered,5,6,7,8,10
GRfqoN_ASaHOv4XWpkGIQLtRAD3,Altered,5,6,7,8,10
jiEn6H8Us2Tq9e1RRizh_zLPbM7,Altered,5,6,7,8,10
tW9oFEZCPukNjOMT7VKFv7RYRFa,Altered,5,6,7,8,10
pEcLKPyWU1pV5wstSBz5Sb1mEed,Altered,5,6,7,8,10
zwS6amnRgN0eVWIAO6uCik337c2,Altered,5,6,7,8,10
tK7aQ_4Xb1uLK8vDd43UA7ML5U,Altered,5,6,7,8,10
uBgWoWdqNm14e2szC08SwhQElo0,Altered,5,6,7,8,10
HTNItDdyIHz5j4tS5jMQD8d6Iui,Altered,5,6,7,8,10
Ih9fbHDKtexC2YAIpkkbptwd8o1,Altered,5,6,7,8,10
IO2gu0SgxcMMiNH5bZKHI6m9I14,Altered,5,6,7,8,10
f5lUJ6ZAZnUFv6X2HIC8jzSn7ug,Altered,5,6,7,8,10
BXqx6sgjgOGqYPRiTyg6y2mNUvi,Altered,5,6,7,8,10
3RLfQ4I6RwfWF9qoqNqgwzRZymb,Altered,5,6,7,8,10
6gjxkFWhY7Qw6FyqTus100i24Cb,Altered,5,6,7,8,10
oWe6V2uebIxkSLILCOLR5dWbRb5,Altered,5,6,7,8,10
3WoNbkRTfRKdEs8Oe8GEaRknps0,Altered,5,6,7,8,10
7WpiT2bpQ1ivGBqbQC2K4QY3hnm,Altered,5,6,7,8,10
Edd6pzSV8a3eiBVGI2FxEsCR9Z0,Altered,5,6,7,8,10
NQTIq60q37yVIbnK1dt3K6RcSU8,Altered,5,6,7,8,10
oB6io3OFxjPZkK3wvpjLIrkeBAe,Altered,5,6,7,8,10
qePCsCZlE7zUx9CD8ddbYGxLFBi,Altered,5,6,7,8,10
XnYPJibrQaEC4tUAYMPAKC2aJ1b,Altered,5,6,7,8,10
CoIWPuLziRGAkUmQoagrZms_Cg5,Altered,5,6,7,8,10
8OMeFZm1sBcPaQLR94xrXxXYRx,Altered,5,6,7,8,10
MTJY9m1bmhWpcjey_pcnH6klez6,Altered,5,6,7,8,10
YxJLhxLwBrj7m7UWlc35_P45Vz0,Altered,5,6,7,8,10
GTrocyNgXgsxFYgJynnOb0fOQq0,Altered,5,6,7,8,10
5sSeagN2f2Hp4RlbeML26Dx9dOd,Altered,5,6,7,8,10
A5sq3sYcb0KPxNAn7iV77NUaMQc,Altered,5,6,7,8,10
w7bifSme2B1KVAnyDTXQ64p17g6,Altered,5,6,7,8,10
qyb8Q5URb32O1RPQ2271HmOdygj,Altered,5,6,7,8,10
plonf4mgk0L7e20gCBACtNlTMcm,Altered,5,6,7,8,10
ylnh84A2Anv41RVpyvmxdF2k7Xh,Altered,5,6,7,8,10
jeAMNcVBqeeS_NJSOb7BrMxHmz5,Altered,5,6,7,8,10
YXz5UQp0hPdfFBXBXzFVsK3YgXb,Altered,5,6,7,8,10
B_uNQ9kDy3dsSft9c4VpwjdT9bb,Altered,5,6,7,8,10
7s8P0g2HDj4qbiideqWhvYsirie,Altered,5,6,7,8,10
Iarxz05nlVMR3w3VbgOxY43Iljj,Altered,5,6,7,8,10
2qWK9MF_YQuZCnB3goVoVLm0aUf,Altered,5,6,7,8,10
lLfIX9HVPGy54ODnx620QxitHL,Altered,5,6,7,8,10
7KkepuV6nl6livISqmAWQGF2RTj,Altered,5,6,7,8,10
PB1IPNr1WeqEEme_OdeFu42DcSi,Altered,5,6,7,8,10
10fjHbtlW5D0cCxpTRzfJyaUTp0,Altered,5,6,7,8,10
jzGVmZh1TLsaG05PlRAKYC43Yx2,Altered,5,6,7,8,10
4D_kp9DmAQXeMZR5Rbe1okEi24l,Altered,5,6,7,8,10
tPauyI6sBCnVdqQH1WfDscYPzCd,Altered,5,6,7,8,10
UMXavUovPqYaiB_mQ0YHBOud7zk,Altered,5,6,7,8,10
_znt0Gj7jnQyKgawKoNWZXEdT1m,Altered,5,6,7,8,10
1woDLblPhHU8XEM5XjZRAtP2gw5,Altered,5,6,7,8,10
0ZyQXvRzlVV_LBoEQtBOx94lTN5,Altered,5,6,7,8,10
UahuST7YNDs_3pEu3hswj3PpEEe,Altered,5,6,7,8,10
c0tfqoLkAnF8syvGX0JzAdmTHug,Altered,5,6,7,8,10
P6eNLzcMM5UOfkM2NLjsFbsXkh8,Altered,5,6,7,8,10
GsS5Ngu7byoF34WGVheyek_5xRl,Altered,5,6,7,8,10
DEnQ2Cp_Eb4VVpx_bv9_eSXHM15,Altered,5,6,7,8,10
XH1XxvQZrXTYeLN8XJs_wnB94Yd,Altered,5,6,7,8,10
Oz9g4wZtvJrddZ5a2yoqpJLgbDg,Altered,5,6,7,8,10
pgkL04eSXP7FAxSJptWHEFfs7J6,Altered,5,6,7,8,10
XZeWXueDKfXUKkC4NJo0jqRk__3,Altered,5,6,7,8,10
UG5V4C2g8O4DX_d3azoVQ42_4A1,Altered,5,6,7,8,10
2CmEqRS_zK_h20_Vf1lqABDsHW8,Altered,5,6,7,8,10
tdH1wKho9HlMM3an7ELHUhMdqBe,Altered,5,6,7,8,10
sYUmB0Hga2ImHXXDNyImLiPWwHk,Altered,5,6,7,8,10
qaLSNiZUQbw6W5s2CnVWv6XWrZk,Altered,5,6,7,8,10
wjPn7wRB1UYW4DSDVDCOX4M2oU,Altered,5,6,7,8,10
VbCsBG_AA3jvJILrIHjtuW2vOy,Altered,5,6,7,8,10
cqqSgMGWcw2lFMueVHiTDrnJDb7,Altered,5,6,7,8,10
tav2prJRH4u7S7kgRrIHO1GOU85,Altered,5,6,7,8,10
CBXrtKOw2hAlefWaUrkb9T989hl,Altered,5,6,7,8,10
waZTJASnukVbfzHXvCOkVS2zAOa,Altered,5,6,7,8,10
rKAbJ1oY6p2Nj1_zVW_omyKnfdc,Altered,5,6,7,8,10
D2TXI9W8OUjkXmZXbZyamCd66j7,Altered,5,6,7,8,10
m7j1EmiZXb1wwpVRLATgdQmYyb7,Altered,5,6,7,8,10
OU1FD55mJfBgU6C0HKy39FQzZMg,Altered,5,6,7,8,10
LHslmAAwuQd1WmiDZeRuZyLXmIg,Altered,5,6,7,8,10
qNobjdE50Kwdr386d9TnvHAHOe2,Altered,5,6,7,8,10
zQjgfonZKJvawobiEzJsjrsHMQf,Altered,5,6,7,8,10
g1ucrzuQiCq0dgG2NWQZK6WMpSl,Altered,5,6,7,8,10
61j3wzQrZxEAL4UrNSqN_3HZbni,Altered,5,6,7,8,10
G87STx7XA1ndjvo8_UrOvp3Xycg,Altered,5,6,7,8,10
33z10P4JW8xchTSOG8DewC6DGpb,Altered,5,6,7,8,10
JyEv2FDnJjjiX5KScraA2jupD1l,Altered,5,6,7,8,10
1OzMJvfCYGINOy10CFxvwpQrpq5,Altered,5,6,7,8,10
cxbeBlh2CxEsoVzwwv2xugKTNLc,Altered,5,6,7,8,10
2XUmAfqimps7HOhcDAibAzx6ppa,Altered,5,6,7,8,10
85ovqB_AYLCviRLBIPZC4iAcsa,Altered,5,6,7,8,10
wfSVtvqnDbZCnmaVwjVeUERW0t3,Altered,5,6,7,8,10
bl_mdOnTdvLu8Z0UJ1FeGzGH4d4,Altered,5,6,7,8,10
_2OxkiIA1wViGlJToOeF5s8Zyc5,Altered,5,6,7,8,10
Za3MRyP4GNcGChAGeR6y_gKAfQa,Altered,5,6,7,8,10
5o84PbkBSPKxA2maEvWjQqu4sxb,Altered,5,6,7,8,10
3c7mWJAG7PUcCKxFiXzkjfIqmAb,Altered,5,6,7,8,10
tNEBl0yIMuEacDBKfBHPm8elmxk,Altered,5,6,7,8,10
CQYz7TyIIAoDvSvHdTxWEy4ycDc,Altered,5,6,7,8,10
6VCmQqErd3PP2nTPC4spw8Ox5pf,Altered,5,6,7,8,10
ytCequ_krVAEoc_uV9oULPVnP00,Altered,5,6,7,8,10
D6GLF6pK43Iv8eafxZ3v5fKT3nf,Altered,5,6,7,8,10
Ld6HCr2v8qySu1MPJuRy6hlRAu,Altered,5,6,7,8,10
SIgXNzw770eTDiOicJxN_6lAS93,Altered,5,6,7,8,10
UZMmUckGdybnpcz9bG9zjvwJkM2,Altered,5,6,7,8,10
xvIikxpOHKgr27Asp5WMd5m4Dfm,Altered,5,6,7,8,10
zBJArBwOmeflytlWsSUZi9xOxn7,Altered,5,6,7,8,10
CPq29PxRwNQiRcNsK7pjimuBYW7,Altered,5,6,7,8,10
1tq2gh1_JLZj9HtZj0E7dM4Gj06,Altered,5,6,7,8,10
m4xreRc9IcPHcoMoK58XC8IA5q8,Altered,5,6,7,8,10
yd_NRLTpn6gRGNtLEFJqGPpVnB6,Altered,5,6,7,8,10
Yp6SivIC2mbleOkuOqGWO2RYsd,Altered,5,6,7,8,10
PrFOFOnSLvgMur5mzkIBEOELhW2,Altered,5,6,7,8,10
QcjNCcTCPhhPml8DFi7fV0DoI93,Altered,5,6,7,8,10
eRQ3eihKoEUT6AIQ8x_0pCifBH3,Altered,5,6,7,8,10
bVWcXHJb5kYt8ocxAtNvR4lW5b3,Altered,5,6,7,8,10
sBasIa77o0k97RaPwZCLE1wIVj8,Altered,5,6,7,8,10
Bo4ROeuyozRHvFaLNVi9G4qijb1,Altered,5,6,7,8,10
Y1oLSjbwdAVNMfABK2cPi_4P5Mi,Altered,5,6,7,8,10
lquAJnx6ZQEoSx7MwEJdRcifKo4,Altered,5,6,7,8,10
XTCYJEodI8tazCCpAEVuziPLdGl,Altered,5,6,7,8,10
P23ONCtqndcs_lwS8zn1WbKM1I6,Altered,5,6,7,8,10
9o5uoeURFBJqctUQ_GNUtOr11t2,Altered,5,6,7,8,10
ugMutJRhy0oMrjG7siEaL31BhI5,Altered,5,6,7,8,10
b9ICVhYmae20RmpAmwnybv50cLg,Altered,5,6,7,8,10
AtdxuIEIUHJ7xkBNwL3C1Ll2IF7,Altered,5,6,7,8,10
_Mz2sUA3S92WXPPrl6MoMU2BN33,Altered,5,6,7,8,10
wwhn8ISJjsBphqlSsmBU9gqgfN1,Altered,5,6,7,8,10
VdgUyBmbSICwP_pifdMLHD7rQ34,Altered,5,6,7,8,10
ISM1kTbDPdniNeCyaeI56zBOHYl,Altered,5,6,7,8,10
6ttBmFRS6gURK9mvDX_IosmkRTj,Altered,5,6,7,8,10
Xi6YlBGbvV18QYuJV6U6mMO8zI2,Altered,5,6,7,8,10
WGJyNnZvvNfO6dqiwsqhHm0ahIk,Altered,5,6,7,8,10
CnmuOw5DW9a6NGw6uTr1ITFEdyj,Altered,5,6,7,8,10
iDsnf5gsh1hDg8c1RPI1X8UdGB6,Altered,5,6,7,8,10
1bpAF4Sc5Qnvwp9WTwiMrACHb5i,Altered,5,6,7,8,10
Br599YkgylepjtKscUhV9u2MxW6,Altered,5,6,7,8,10
1cS1AvpoWtf1NlkrMH9ExCQJw68,Altered,5,6,7,8,10
5a3u9CK5Jdc6R1RO54Jx5drBAhb,Altered,5,6,7,8,10
c2Bl7qJoTkV427j8DZ7umMFCOle,Altered,5,6,7,8,10
Jy0UDpjQl8CHyNzfZx7TFRcJbsb,Altered,5,6,7,8,10
UZn49__QvfIc4fOvP7u5PMU9VQb,Altered,5,6,7,8,10
knh3UeQ3MOTxQOSc6Uj9rN8kZA7,Altered,5,6,7,8,10
_pyCQbVFR2KsFyw8vvViCT0QT_b,Altered,5,6,7,8,10
