CFI34MJLLF0M88pCmn1WHTSd6K9,Dirt,5,6,7,8,10
SfvGdGQhQmoG4BDNHqQGs3k4XIl,Dirt,5,6,7,8,10
Lj_tkohzYnCwLMPXZOmiXPj6QAg,Dirt,5,6,7,8,10
emyFs0V6Ye6rU5PNGXwAVoWRPu2,Dirt,5,6,7,8,10
loN0F4rnZx67_11f3JMX1esNQ6f,Dirt,5,6,7,8,10
BUaIWCygIdKrCBU9y_Bg6POrpW4,Dirt,5,6,7,8,10
TJJoO77_JbS1kAcbeHcxtKmBfbf,Dirt,5,6,7,8,10
Qb4e8BSUIgzfYcUekCyLXarK9Ej,Dirt,5,6,7,8,10
sj4rcCJEvfIEBEnjGVhVz9tOoG5,Dirt,5,6,7,8,10
89OtLgP9IRQzmC9n_h0SrIr8l_4,Dirt,5,6,7,8,10
K_n5OaSINVfzKRJcy1HHTSw6L2f,Dirt,5,6,7,8,10
NI6nkypuT33x1I1CLiTwJA6KBV7,Dirt,5,6,7,8,10
mnQDiXu0o88QLtcGgyR68qsaHpf,Dirt,5,6,7,8,10
D_ue3MHZiEJnMq_SwrANU_KLbFb,Dirt,5,6,7,8,10
vnRySQK8DcatvNQIY4eYVRdpvYd,Dirt,5,6,7,8,10
GEYOQIIsF3tiW5ZCoP64pEJUszh,Dirt,5,6,7,8,10
sUrkh0uw2PZwgNVSbkn3q6jYot2,Dirt,5,6,7,8,10
9RMNvO6fVPnJNXq4cENIv5tt3Eh,Dirt,5,6,7,8,10
xJ3q0JUxHmzUYXHNCfSsTqkxAAb,Dirt,5,6,7,8,10
Gmrk55scRsGgqAgJWroqfxyU4L9,Dirt,5,6,7,8,10
qDkVXW6pEqrwH0WP86jilQW4uZ8,Dirt,5,6,7,8,10
bQ7oH87e0KcIYm31sD07go9Ncom,Dirt,5,6,7,8,10
JQkYS9BcGzbl67hu5PBdyIDcWUl,Dirt,5,6,7,8,10
CuI4nWRdeFTK7LFCZ4rHMm3GU3c,Dirt,5,6,7,8,10
kwAkzyojXAWZHx3Ow44ITaDVmE6,Dirt,5,6,7,8,10
UI8eAeGWZegAPeSnUo5TMeDirUm,Dirt,5,6,7,8,10
PQQVgEAmoSNqdOZfjSvlG9971Nf,Dirt,5,6,7,8,10
N0wz5ZPVzbk1ciGdD46Q2UZVN1,Dirt,5,6,7,8,10
gWcZnvLiOi1k2YQFzooqaZv_3ai,Dirt,5,6,7,8,10
CaH6cpmpUFxNUPjAxA_1jbjMnQ6,Dirt,5,6,7,8,10
AGfIv7mtwQs8z7aIaTsX0No4Mc1,Dirt,5,6,7,8,10
d4Z3FDiqkgj4XGdGKPfxLQIr1O1,Dirt,5,6,7,8,10
wTnHhi6JNdT2VRlKzTcrjargpBc,Dirt,5,6,7,8,10
wZLJK129whibjbuh2VM_5eXsHLm,Dirt,5,6,7,8,10
WHaRKG0VfgYPP37wX5K5snkXcn4,Dirt,5,6,7,8,10
kgeriJWc1DqgHfAnRX6k8d3XW2c,Dirt,5,6,7,8,10
WfD_QROMDWGjQoudllmjEv7v1Id,Dirt,5,6,7,8,10
K6AMaS486L6c_yIH1mJUy1rvwzg,Dirt,5,6,7,8,10
6oKVLxWFZuFg6aVaAX1fGTAAORh,Dirt,5,6,7,8,10
wNIWXfVSt2r44nXwcYY7bpry1j,Dirt,5,6,7,8,10
2dCLDm8Owe0LZ_nfHpQphpTsrte,Dirt,5,6,7,8,10
OtEUNGme2qM72F_dtSYGXLcojE2,Dirt,5,6,7,8,10
YT4jYGjD_4rky_7bIz6ELkpbrm4,Dirt,5,6,7,8,10
kqfTp8YQa9gAPPT8AQ1yRtYZFRm,Dirt,5,6,7,8,10
NcM1V69NNysrnou000XTDwGvu4a,Dirt,5,6,7,8,10
m206juO_3E6l4rk1B3P9S3Yqeol,Dirt,5,6,7,8,10
iFu0PqOlI32f2Bgl_2UGnCE41x0,Dirt,5,6,7,8,10
P03an_XrBq3D6dRrUXgQPQ7qtX2,Dirt,5,6,7,8,10
5ks3lGx60aYWLLcmKCBU8TK3Yya,Dirt,5,6,7,8,10
52LZ8icMJ8ZLOa6fXMosNdd7Jwk,Dirt,5,6,7,8,10
ulqmPXkiCiQM6CiAp4a7j211bUm,Dirt,5,6,7,8,10
TfeoR6nSp1rKVel0uVOTFKTaJK1,Dirt,5,6,7,8,10
Cq2TxKZupLBCvtQc5jxBbsq0X8e,Dirt,5,6,7,8,10
Ltas7yymHoyuC1HItyE_V1hWlph,Dirt,5,6,7,8,10
JR0BLaiD3U9tihdcvz79PF9S8Gc,Dirt,5,6,7,8,10
SDseDzNRMFSz3D_MPCXjiZPnyV0,Dirt,5,6,7,8,10
dXQUBcHpJIlsfDk2Ns4unnhhkxg,Dirt,5,6,7,8,10
NhGxBErWUkraUxUnL7hc50cLfTm,Dirt,5,6,7,8,10
rjv3tvPIfLexthvuIhcCnv5g3qj,Dirt,5,6,7,8,10
JyaKH1EajL5JZEJwMYLnIk_rOXl,Dirt,5,6,7,8,10
QAT5zOEWq65ZVGRbF6QveBMlIHf,Dirt,5,6,7,8,10
4NE3LTtY5SQHKlxA78eXKoKYESd,Dirt,5,6,7,8,10
ePtuTLEabMv2_vK062ICqysX7r7,Dirt,5,6,7,8,10
0Xxl3j9M1HPNHeoZI6eZI7448nk,Dirt,5,6,7,8,10
a7cCyU0gyBopv4h9GlUPR8a7P2n,Dirt,5,6,7,8,10
phtbPyuYp93ESeInJnxaG7kVHp8,Dirt,5,6,7,8,10
rp1Ve3n8vO1nPyKYNKM3AtnmWN2,Dirt,5,6,7,8,10
kRY154ePGc_e_DeIjKDmKyEvqMm,Dirt,5,6,7,8,10
vTDHHRQHSG3GFjUiiopg7YhGHh1,Dirt,5,6,7,8,10
t9HgCByYGN0_NvlYiFKS_ipm8k5,Dirt,5,6,7,8,10
1PCgT1FeClm8kZreHaCtFi9eKh,Dirt,5,6,7,8,10
O3crD9f5I0YU_l30IKMwMTLKoW7,Dirt,5,6,7,8,10
9cidaaGwZTPFQudaTtXpGZxH1A3,Dirt,5,6,7,8,10
ox67kEhTfHfjLUN7srcSwsPdIC,Dirt,5,6,7,8,10
9LIhI3RK7LImLoOfuJK0gIR6hl0,Dirt,5,6,7,8,10
l5JKtsPWxGf6grc_QjYIEhWWzo0,Dirt,5,6,7,8,10
klSIS_zseCOxXUX4ozb06LQUD23,Dirt,5,6,7,8,10
Sty7YN26afIU7mVgDeB_Gxvv0c8,Dirt,5,6,7,8,10
Xt68Z5mAZUd1NsLQfkVVxPe_Glb,Dirt,5,6,7,8,10
9OkRjQ1kBuJKYNcemkcUe1zAa18,Dirt,5,6,7,8,10
I3oL45Q0Ujz54YauNfbTpelvsQf,Dirt,5,6,7,8,10
Tdbb1Jx9Ygc5DdzP1HKFfWnyYdg,Dirt,5,6,7,8,10
OsmbUTeeK_gKsfOhlPrKeHfv4y9,Dirt,5,6,7,8,10
yj_D4pRM_dhOex_8xXISvj17XY4,Dirt,5,6,7,8,10
M33hyNkTelpOrB4ejmxZ4lmYJuc,Dirt,5,6,7,8,10
RpW01ihIIa3tUqyTOXuXwPPomgm,Dirt,5,6,7,8,10
D87lWvRwcxJoZIXatvqgyndgee1,Dirt,5,6,7,8,10
ffjagk3M95Igfp3lpm8eK_3pbwb,Dirt,5,6,7,8,10
cttf6UBVXmPuY0lZqL6veajKWV5,Dirt,5,6,7,8,10
Eo5C5u_m7Leu1LjxHswGDKsONBa,Dirt,5,6,7,8,10
ZxuXRZY61oZyTVD800n9Icsdenf,Dirt,5,6,7,8,10
HozZ7TZzw9_ACbP5zVC2Fr9pT4m,Dirt,5,6,7,8,10
ynA3QYmbBUliowtk69CL4HFP1J1,Dirt,5,6,7,8,10
aHtwshJuofi4mNDO_agw21dLny9,Dirt,5,6,7,8,10
Xe2o6qKrlUKYBRuxPTs7rBFcMp6,Dirt,5,6,7,8,10
0ofs3VW6ceAhamlWy0wimJxb7Pc,Dirt,5,6,7,8,10
hn4eu7kzvuMdoDtaBUCR94ik8X2,Dirt,5,6,7,8,10
LtnD6rAtaAdVLqs0rnI3mnpPZs8,Dirt,5,6,7,8,10
bynITs41pxh7eSU1JpMao897xym,Dirt,5,6,7,8,10
G4NCRUMx8O2ZlWRB2QYkQA9cpF6,Dirt,5,6,7,8,10
nE2Z0GX7XXpuleXbYdCBU87hGT9,Dirt,5,6,7,8,10
2Lt5A7cwTXr9PcuRWVeuVYaXpNl,Dirt,5,6,7,8,10
GXHp3BdQ5IUotA2WUhuIJvpn6t1,Dirt,5,6,7,8,10
bXtrDa9EqpKZbiczVxifJRdl47h,Dirt,5,6,7,8,10
E7gAO_uo5aEhFsZqEfSdteQ4qQm,Dirt,5,6,7,8,10
qA5fG0I5qhloZogSs873hz2Ddy4,Dirt,5,6,7,8,10
oP0bkXROiXFpviSmLYFKrS02qTd,Dirt,5,6,7,8,10
IGGKo9LCar839fUBb8oK5to4lI7,Dirt,5,6,7,8,10
UoHtIRlbess7Ke4zaWCKQQpafLb,Dirt,5,6,7,8,10
rIvSx06sl0kKf23hFZmPK_cPkB2,Dirt,5,6,7,8,10
hL1kYltoTDkK9uuZSwMHzXhFSn2,Dirt,5,6,7,8,10
VopkNKhNGFv9WpniOhE_OaP0AM0,Backwards,50,60,70,80,100
WkwK8NSUG9H62UjYszKYYjIcnS3,Backwards,5,6,7,8,10
DPskH8Qt65kCgghtd4NMLOp8P85,Backwards,5,6,7,8,10
u0iI85KHUNa4x3KBcNuiAh4rU1l,Backwards,5,6,7,8,10
leuwb8d2kReCdM3I6XtXEVtQsDd,Backwards,5,6,7,8,10
dV9_4UubxHKBc1DMVJq9eOLpuBb,Backwards,5,6,7,8,10
JRH5gRdnTU9Y2nsVGqrkdgaXtZ5,Backwards,5,6,7,8,10
8PIi1bLibdTxIysPqGgCvVsUIha,Backwards,5,6,7,8,10
Wy7JoKGzrMoeKvSBTuxowsyfKWl,Backwards,5,6,7,8,10
KtqiJvRPP9IQ_K6S0cH_FqgKS70,Backwards,5,6,7,8,10
xa1l4BMwm8AAa4hZOc66NB664ul,Backwards,5,6,7,8,10
4ksvavDha2RPSkCrl8Qp2nrQ1x2,Backwards,5,6,7,8,10
qvWVzhRUtSPTpkaFT6TYfzs9Tt1,Backwards,5,6,7,8,10
i72LSbs0jwek6wHGqc2a38AII8j,Backwards,5,6,7,8,10
1swfNIP14QaKPey9chfnW0Ufaz7,Backwards,5,6,7,8,10
zvjzt8EbfB1zUI83greV87fgAz1,Backwards,5,6,7,8,10
XIfc1d0qEWkAHWaCFp6IGKfsD5,Backwards,5,6,7,8,10
VSxhpOdBdxeCKs2XghWDvOPraB7,Backwards,5,6,7,8,10
rrOLcs1CmMUjWN6qV8yMc_XW_3a,Backwards,5,6,7,8,10
SaYexka9Pj_lubGJlrmyiPNBCuj,Backwards,5,6,7,8,10
7eR127FyokfuteOFd4oDiHV24Hb,Backwards,5,6,7,8,10
y64AyCHF_4WOmy8qwsvFTRPXq8,Backwards,5,6,7,8,10
9rPv_M6r65UW40o9eT8jdhuX900,Backwards,5,6,7,8,10
1sndzqTPN6Ud4cnsvx1zYi3uln5,Backwards,5,6,7,8,10
3i5p_i6P4XNPISF738jImbgEAUj,Backwards,5,6,7,8,10
2FgdvRE4e5d6S9Ss7Z_L26VP_lk,Backwards,5,6,7,8,10
vJaZVtbkN1MP3zLtR3VlADuJgx4,Backwards,5,6,7,8,10
MGcpG3R1svbdHuObXTOFe5eqmI1,Backwards,5,6,7,8,10
aS7ZT1I6ypnIteO8jOTSCVLXg_7,Backwards,5,6,7,8,10
RpTPVusXOBJXUKrmDX5Ics_hCQ1,Backwards,5,6,7,8,10
FVQ2eugxsOCnaDoVoYvxMmZkbMb,Backwards,5,6,7,8,10
q97Zsf7u2V8hSlleBSuOmm3jkkb,Backwards,5,6,7,8,10
K4DU0rQbTCESwEpuWBIxdAkrZli,Backwards,5,6,7,8,10
EvnnPcoMDDu5OR9E9rzHznx8Wig,Backwards,5,6,7,8,10
FKHYY3clfpL5Y7CF7RCheo7OYo3,Bobsleigh,5,6,7,8,10
ULrfowypthgikbyF5X2UKRErHFc,Bobsleigh,5,6,7,8,10
Yj0gOTzdUEDr7XlWjOFLwWZIVse,Bobsleigh,5,6,7,8,10
f7N3dY5DADTh3fz9XGXYihqWaw1,Bobsleigh,5,6,7,8,10
0c1J8guTLNAGAclOlmGnayHTTdd,Bobsleigh,5,6,7,8,10
veRo7n2GUVK9fkfI98mZUmYQm35,Bobsleigh,5,6,7,8,10
gnC3JErEDN9Zow4s97vRGqiYH3c,Bobsleigh,5,6,7,8,10
rAQhr6l2EnpUfpUqAH3Sraj3a97,Bobsleigh,5,6,7,8,10
bJ3imBd3x9BCsv8QNKjDOFQSDtm,Bobsleigh,5,6,7,8,10
Dxqp9GoulXECjyjGUSm4Z7NuXN4,Bobsleigh,5,6,7,8,10
3gyMKIrNYMaWGMlENE7PQCIDZ07,Bobsleigh,5,6,7,8,10
OypS6gYnBLR1ivG2fq67yY5dxwk,Bobsleigh,5,6,7,8,10
Dxqp9GoulXECjyjGUSm4Z7NuXN4,Bobsleigh,5,6,7,8,10
rykHtVvsKZ9v9fo1pxGBWiAL2T8,Bobsleigh,5,6,7,8,10
pia5or1yofSx44N5YlMOWqFXmc8,Bobsleigh,5,6,7,8,10
p5xL9t6n7l1xh1z_b85WU4AkoL6,Bobsleigh,5,6,7,8,10
Tdx0B7mBt0KemXe8W6txd3MEE0c,Bobsleigh,5,6,7,8,10
LGShJ4L3dlCUKfJ8uvj6AZtdqQk,Nascar,5,6,7,8,10
4AjBeJ0m4xZy4obAtoBeksLOYJe,Nascar,5,6,7,8,10
apJ9e1hZMBXsTmdEZYXriACQi72,Nascar,5,6,7,8,10
Sqd4005_I3pxJSZwssYdQvFdcWm,Nascar,5,6,7,8,10
hPAMNOoJNhihIQMuDon2De71Vub,Nascar,5,6,7,8,10
nMyrtFZf5UyLwPpQ_BC2FzmBTZ8,Nascar,5,6,7,8,10
8iyENzpjIbgOX3zisHaC9J1QYpg,Nascar,5,6,7,8,10
pzYbzS5LsixHloqR9tRFADCpzX0,Nascar,5,6,7,8,10
hEy0J7iz2P9FZYOCBpNWb1rrobi,Nascar,5,6,7,8,10
BiLGtqqcr91YLW_8F0GYZu4klOh,Nascar,5,6,7,8,10
3bQNJbXiz2CNa7kzs9C5DKgEG89,Nascar,5,6,7,8,10
UByHf2GJM43iONoMfvHQaKr0x0j,Nascar,5,6,7,8,10
_a0xSFm96sufjGMbcZSASkI2vmj,Nascar,5,6,7,8,10
TteIrwdZgRRVcSAILun9fdVwGQ6,Nascar,5,6,7,8,10
vBxqWdHV_nKlydOWKgcVY4mB5z,Nascar,5,6,7,8,10
bYJPxbm_UpWUR0U8M8fbIQA_q6a,Nascar,5,6,7,8,10
jykKPnhJ2YQ5i26TdCWULuU9on4,Nascar,5,6,7,8,10
SSNkk45u_ojv5hOH1ZNl85RU_04,Nascar,5,6,7,8,10
mok8Y0dcCfjEs0gWfl6Y6Blstpb,Nascar,5,6,7,8,10
TmgZ882VCcA80vDQbssIbI9vmYk,Nascar,5,6,7,8,10
_VP9gWlV4icTmiwElDiHyVUWCr8,Nascar,5,6,7,8,10
vaaY852jO1aPaG5CpmvgzGwSnJc,Nascar,5,6,7,8,10
yI1a6dfSAvXk2LfRAamUoKUEVYb,Nascar,5,6,7,8,10
ixurApH7CQu5aOTKndqJTsZXnK4,Nascar,5,6,7,8,10
NyEJs1P7B8OA4s5uFtFyYct82V3,Nascar,5,6,7,8,10
xsWo6akdNVjAGiISOKXaeXyTC_b,Nascar,5,6,7,8,10
UpZDltbU1xRxgrNoupp5LRu5bPe,Nascar,5,6,7,8,10
DS2O3kNuE6jacXDEcW_0qrAPhPg,Nascar,5,6,7,8,10
cmJJhEUYqesM6Tqpeds0lQudvOb,Nascar,5,6,7,8,10
JRaHDJ_ZfSbFfGxrVw9Uk9Ai3i9,Nascar,5,6,7,8,10
ek0LIeNbDVHVPWnOES6swGBgDjb,Nascar,5,6,7,8,10
dn1aY0iZGAnWEmKeJjystyDYYwi,Nascar,5,6,7,8,10
yjfsTEkNDIiQyAYYHjJ4jnn5Y9g,Nascar,5,6,7,8,10
WgUv60UqtUrcAuDKrV7PgQbosKf,Nascar,5,6,7,8,10
QqCyGzZKOCU2duwiEEgCeZ7Ivj7,Nascar,5,6,7,8,10
bhGIddPu0aX6aOtb3srFrMHAfxh,Nascar,5,6,7,8,10
nPlEMALsfhEzZtafCQlw5bSBYgl,Nascar,5,6,7,8,10
6xEcwWkjpitcDpQ2jIbEXTya7hk,Nascar,5,6,7,8,10
Vz2pHmPE6pXZsWYWTU5roKdHS29,Nascar,5,6,7,8,10
k9pcyR9UCE7FbBHP3W042qQYNPc,Nascar,5,6,7,8,10
e8h_2iQNw83o9iGtcE_iXrIcmM5,Nascar,5,6,7,8,10
C8EndHjSSNz47Hun41BQ5XDDzYd,Nascar,5,6,7,8,10
L_my4ikgVeeP38nRLl0lT8XvfAd,Nascar,5,6,7,8,10
K1nhynZ45NELo70_Wb5h1dTTZMb,Nascar,5,6,7,8,10
xLqb9Z6ENpZMejD24jSt3nXfzfm,Nascar,5,6,7,8,10
l7rsHkydsPE2BfSx77teRYu2vMa,Nascar,5,6,7,8,10
KCTSoyW6x19pady9IDvgALivy8a,Nascar,5,6,7,8,10
_XErPqe2Y3H9Kqjm2iRgRc4lkhh,Nascar,5,6,7,8,10
pZkgYN9dtwLADSbsDvm0DnLMqcd,Nascar,5,6,7,8,10
0zoG89brQ9CZ_JY8Z1lfE63_pui,Nascar,5,6,7,8,10
W_vdFrI4t6OjvMs5DOy4cYFxE7c,Nascar,5,6,7,8,10
v0Yj_zhMRvanp7xlLPtAOUNsdX5,Nascar,5,6,7,8,10
qOYihpQruMbYEhf0dgSsnngcmM7,Fullspeed,5,6,7,8,10
_qy9BcYvgi0B2dFRXPNUW3SYuX5,Fullspeed,5,6,7,8,10
EgUgXeBV8vpEth2hZgSzLhlHRs8,Fullspeed,5,6,7,8,10
McIcqVOZww3s9j6uD5rzYddMyHi,Fullspeed,5,6,7,8,10
rkagzSr6yef75WENXnZz7ODCYU6,Fullspeed,5,6,7,8,10
_IAMyGaYhQU5vd5v6KTZqMjYpQa,Fullspeed,5,6,7,8,10
tHoRQLOInh2DuT3PyDuEYpKRcWb,Fullspeed,5,6,7,8,10
8IMz8cA9WH_zj0XsIubsa03hu5,Fullspeed,5,6,7,8,10
BTpvtBLK4CxD6XDcje5LhoJoNhj,Fullspeed,5,6,7,8,10
ia2DTzgOoCl6hPiThc657ssJPV,Fullspeed,5,6,7,8,10
RXEhmRhMZN8LGlKPfMaecAM871f,Fullspeed,5,6,7,8,10
ijbQuMxo_487pCfz2RUxrIOvNha,Fullspeed,5,6,7,8,10
0xpVR8LLlveIH0ne2ahiFNoyvjh,Fullspeed,5,6,7,8,10
nJrbrUzkLI0uNQUsrU8d6NRxUx,Fullspeed,5,6,7,8,10
zjEH2ryWnTXjAE_kRN_LPi2HE2j,Fullspeed,5,6,7,8,10
Airzg63gkk2WP7ELhMSPq1KGKVb,Fullspeed,5,6,7,8,10
mfTwUIGylqHJ2GT7jk5nWCYpjw9,Fullspeed,5,6,7,8,10
dtBHngsu00WiRWyyI5lcxWwwgq3,Fullspeed,5,6,7,8,10
VwmRLZxkpKR2Cm3smtxyLe5qeNm,Fullspeed,5,6,7,8,10
SjKOXtKUQeIEVmLFwuFT79fGXv3,Fullspeed,5,6,7,8,10
M9jF_OYuA4PbNye3BwO9U3W1F3h,Fullspeed,5,6,7,8,10
wiUe9r6_7mxLnZqgezEKgvEn71n,Fullspeed,5,6,7,8,10
Gmrk55scRsGgqAgJWroqfxyU4L9,Fullspeed,5,6,7,8,10
JQkYS9BcGzbl67hu5PBdyIDcWUl,Fullspeed,5,6,7,8,10
8H69eJpBe9WwATN55H6XzOmlflh,Fullspeed,50,60,70,80,100
nx6V4eZvnTBQb3BEDY0wIVggct3,Fullspeed,5,6,7,8,10
AOyPHXlweTJV1RixeISW_5cxKve,Fullspeed,5,6,7,8,10
JyYzOdfnbrx9BZAZ3m2ldW90uo1,Fullspeed,5,6,7,8,10
YnlxRZpdU5gi9QpoTvkmtA5s2m5,Fullspeed,5,6,7,8,10
_Z4SId22kNSvXruOEBXVym9eig3,Fullspeed,5,6,7,8,10
wNIWXfVSt2r44nXwcYY7bpry1j,Fullspeed,5,6,7,8,10
6V1VsjxNbEzkpSZIIJmYt0B3P4c,Fullspeed,5,6,7,8,10
WLE9ebfT9uJHjfCEb72FW5ZAld6,Fullspeed,5,6,7,8,10
BCyBjvqBYYodc9Iad6jVDM4ngK7,Fullspeed,5,6,7,8,10
qsy7Gt20uGoBf_lwxBG_J7AkDS3,Fullspeed,5,6,7,8,10
o04Ib1aa06VKLesG6KhQZ1rvl9d,Fullspeed,5,6,7,8,10
20wSShPT59bArmbw2DfKgjEYlH7,Fullspeed,5,6,7,8,10
e1P0BbLFxWBrwxUTM1WKw8YynY5,Fullspeed,5,6,7,8,10
TU6cxKQhU2SwXNV2MYZjquLJXBa,Fullspeed,5,6,7,8,10
avN9b1F5LIgOmRkJUHPrdWmDQhk,Fullspeed,5,6,7,8,10
5ks3lGx60aYWLLcmKCBU8TK3Yya,Fullspeed,5,6,7,8,10
MXkLMRN3XAFvuRk6W_jvOlCJIqk,Fullspeed,5,6,7,8,10
nxTLJz8hNxoz01HyVcUrN2yBZw9,Fullspeed,5,6,7,8,10
2nKLuEacy4MQ7brMLHlx1Pu6jwe,Fullspeed,5,6,7,8,10
UFc5XKCopC3JjJYq2qnPkXi4Y8l,Fullspeed,5,6,7,8,10
peyGtGLPyBbkFOV6Q0rNTDvYaPi,Fullspeed,5,6,7,8,10
eFX5AXiekMlsKvYliDwisnd4Quj,Fullspeed,5,6,7,8,10
z09_DstEcaGZw7oMbTorqDZWqk4,Fullspeed,5,6,7,8,10
awCCzpuwydTA3oRkWIFH3zE5VOd,Fullspeed,5,6,7,8,10
OiobzwL_LDOSfEu6fIuyC0H0Q5b,Fullspeed,5,6,7,8,10
7YMzYre_UXnGd2qyCPMukBX_krh,Fullspeed,5,6,7,8,10
zOBxavGr2se9LYPxofT8hlmAnl7,Fullspeed,5,6,7,8,10
FrxVaEorUkOmc7PwNWaD3CFcqlb,Fullspeed,5,6,7,8,10
ZP_7H1V4Ep_jq6clXHZ886S7Xxc,Fullspeed,5,6,7,8,10
81imPwG3gzBkmKHrPadb5W5TDwa,Fullspeed,5,6,7,8,10
FikqIHWOcowP6SnbmqBwvZLpeA1,Fullspeed,5,6,7,8,10
1jc7gTOvlPcEuioGnqVcDLrK8H9,Fullspeed,5,6,7,8,10
ThFXCPui0ZIwGX2v00xrAlt0uk9,Fullspeed,5,6,7,8,10
4Fk0N9haNOtIC2KAYCY6a42bZaf,Fullspeed,5,6,7,8,10
NEmxBQOb4WQuysKmCvu97ACTwad,Fullspeed,5,6,7,8,10
01m2KpP1jThsHY1js6Li8aPH_c2,Fullspeed,5,6,7,8,10
DA5RKhnRGJz8SxAik_0qfwmr5O0,Fullspeed,5,6,7,8,10
RUt4Y2WMSUmX2JyZqRcaumJg8Kb,Fullspeed,5,6,7,8,10
gRlGsw8mhH2YTiWqiTzw2QQBpl2,Fullspeed,5,6,7,8,10
vq_9ZuxTLbWKPm08rebPSkSgeua,Fullspeed,5,6,7,8,10
fSz1KrQ1N_YWAWLWO2E6Ckf_Qzb,Fullspeed,5,6,7,8,10
WVjU_hX1Z6NmPrjOVqM0_R9bDIh,Fullspeed,5,6,7,8,10
1shz9Wyw0bH_USAGfvwy6t0sqdd,Fullspeed,5,6,7,8,10
tUQY9Ye650NB8X36loSFi7dtoGm,Fullspeed,5,6,7,8,10
M0hSDTyJGZowQnMg8gwkjmZJln2,Fullspeed,5,6,7,8,10
tZROO7ZGFV5oSel3hyKrvZ60Xth,Fullspeed,5,6,7,8,10
vy7RM_dYomSeLOzG3trVF5wvaa4,Fullspeed,5,6,7,8,10
Dkpa31IM_fj9WYQtxwCDGgZ9ROm,Fullspeed,5,6,7,8,10
6BLDo5l4BwH2gl1s5mrCPFz_yac,Fullspeed,5,6,7,8,10
fzQkavChoeuIn9_2EhAI9Zw2yO9,Fullspeed,5,6,7,8,10
eDRFu9c_PC9w0zkaG4kUcbYYmYb,Fullspeed,5,6,7,8,10
26IyS0MqeQ0AztSxr7cME3sjUSd,Fullspeed,5,6,7,8,10
cazJdduL9QmGAjDp8VFynThHCa5,Fullspeed,5,6,7,8,10
KmzcZXd_YY2iPwDUvjbuSbXrgRh,Fullspeed,5,6,7,8,10
qoKXWOHprzdnw2PyPToMZRhqmD3,Fullspeed,5,6,7,8,10
gVU0xeZ0mIvUiD8iPBYA90pGij,Fullspeed,5,6,7,8,10
u10gIrMVVG_NexcE95Ep7t5xkKd,Fullspeed,5,6,7,8,10
lUSu3Djwin56ujH7k1sHOrZtLLf,Fullspeed,5,6,7,8,10
L0l8h5N70WKFpMMOZhmOE1N1Za0,Fullspeed,5,6,7,8,10
_JYblGB7pPM1Ho59PYmB1WZBz21,Fullspeed,5,6,7,8,10
_9_uv3xtmqYy_Ty5xXIJEUcHbti,Fullspeed,5,6,7,8,10
MMPNPyAgBADrkwadnnqt9nn2Xv9,Fullspeed,5,6,7,8,10
No9Ve1tEfjwgeSmsXD8CFqfaC1h,Fullspeed,5,6,7,8,10
XjnRi7whcXDe2oYTpkmWAyLCaYl,Fullspeed,5,6,7,8,10
lyA1KzgBwjQYDUpFVsspZ0VYjc,Fullspeed,5,6,7,8,10
foFKBRm4wBpAcrfphudVd2_Ec44,Fullspeed,5,6,7,8,10
4p6b8EjooPdGIxkzaTLIsl1Aso3,Fullspeed,5,6,7,8,10
IoEz6A8zWtIfCQ1C8woIQQM_fUa,Fullspeed,5,6,7,8,10
4a4hFsx0oTCJoAwZCxwcwv61BJf,Fullspeed,5,6,7,8,10
LnVyd3iW1MskVFpnAP4hb_FDntl,Fullspeed,5,6,7,8,10
ijM7WdzledrYIgrrzmUesupJLYd,Fullspeed,5,6,7,8,10
M3iE5nXHkXuhgt2D9hX4xe_Y_s7,Tech,5,6,7,8,10
teEkylT2K4p5z79df9xUFCEkUCa,Tech,5,6,7,8,10
Qng0TknyPLsbWvymeMfmRACcz_m,Tech,5,6,7,8,10
5Axe8fWdKLAIHqYxqdDNo1T_Rge,Tech,5,6,7,8,10
W96BTjncU2Gj9mf8yAPtoTtxysi,Tech,5,6,7,8,10
xruf2fvwXMBVs9CPFcK9xeFzKX3,Tech,5,6,7,8,10
Qjjm4cBMjp2pvxTkogGoeASYgRe,Tech,5,6,7,8,10
aE75gtWOLfhgPIzOyIawHGkWlhh,Tech,5,6,7,8,10
PKS4aSwp_GvkUPrXmnoQ2yo6s3d,Tech,5,6,7,8,10
sTvb8KzSHxJYRJmSHqckAFwW8Hi,Tech,5,6,7,8,10
a9mh_YmJKuR0R3K6yisi9RrOZt4,Tech,5,6,7,8,10
O9rj0GQkaN03vjNGENStNR3KK09,Tech,5,6,7,8,10
wTnHhi6JNdT2VRlKzTcrjargpBc,Tech,5,6,7,8,10
WHaRKG0VfgYPP37wX5K5snkXcn4,Tech,5,6,7,8,10
yvnHv7GI4HiDfeCnCIiY3n5Dirb,Tech,5,6,7,8,10
esqrkvnKS0kdw9ZL3ZuFvKXJof4,Tech,5,6,7,8,10
_8jLezk7GFMpmv5prfvcIHjzdFi,Tech,5,6,7,8,10
PKPW_uSDVyTpOV6Im6DSyXU2KFc,Tech,5,6,7,8,10
5i6eQFrFOh50XqsBzSaF5AE8Yp8,Tech,5,6,7,8,10
SMTt5FhRD981YL8gg16zaXMU20e,Tech,5,6,7,8,10
XMrv0lyaHOrJOzzqwRxq4U12hVb,Tech,5,6,7,8,10
4uq_q4H11xSkzz4sl8oyqq9NDOi,Tech,5,6,7,8,10
JI4Hw0HxbQVRlJf8qtDN_tkSm_2,Tech,5,6,7,8,10
biOHFzRIKMLnqyYtSYq3uqFK1xg,Tech,5,6,7,8,10
JjHlxNnTk91CLIeoEOJzYlyDLB6,Tech,5,6,7,8,10
RC3waOIAeEj2XcaAUfbgWo5U6Gk,Tech,5,6,7,8,10
fiK88TStFi7gPxvB79CQOZUCEJ9,Tech,5,6,7,8,10
SwQMDZ3NMBfToDpSG4gObHGDla2,Tech,5,6,7,8,10
EBfG4g4zDXp3OzsBjV7r91_4QO0,Tech,5,6,7,8,10
oOLAf2sqG9L1Y0O96xznOLZtY13,Tech,5,6,7,8,10
dowdBXoc3yp1KhpltksTB9ih196,Tech,5,6,7,8,10
qnlArjsBhBTDXFU7WPK1HdqFRHb,Tech,5,6,7,8,10
T1m_EgmLepZBESs42B_nrowcs70,Tech,5,6,7,8,10
2VYxwABSqP4LIM9_8vrzBALZ3l1,Tech,5,6,7,8,10
QjL3gWTib2c7LiZ1ZWOAfpSXF8j,Tech,5,6,7,8,10
7DPQKTREMfnvI_sXHj5ukU4ECi0,Tech,5,6,7,8,10
IT5t_UwOkVb5txnFk1u_GcQjov9,Tech,5,6,7,8,10
whUr3Ou2NlvETLwV0cPbWjVnYs1,Tech,5,6,7,8,10
kvVUy3jFiQverqKDXTU0oM9YXN9,Tech,5,6,7,8,10
hnAZRCUmqEiIZIYYchRLUkswadd,Tech,5,6,7,8,10
ee9OIkfHPZCRSPw8KOPOlTcwpt5,Tech,5,6,7,8,10
Q8zfX08cNAUqlRTs_nVdk5Xp5u9,Tech,5,6,7,8,10
zFkmZ_GctRhZ8n9sY_VthirvSKe,Tech,5,6,7,8,10
njRbB2kShFkibe1OcfCvBFvJpKg,Tech,5,6,7,8,10
E65CErMWSQBqUQz8Pd8evPz1QDc,Tech,5,6,7,8,10
njRbB2kShFkibe1OcfCvBFvJpKg,Tech,5,6,7,8,10
2pgw_wz5fUN9QbVLLx7b_DT6a1,Tech,5,6,7,8,10
lhDaHD52K_QEXHq_34fne6oOJ7i,Tech,5,6,7,8,10
CTvTig0k_n_HuU2njUqwPTx15yd,Tech,5,6,7,8,10
RTJELca_KWfDJfGgLfn_RgOscP4,Tech,5,6,7,8,10
TXzSEyKA8Jydc5Kj4Os4W7MeZ8l,Tech,5,6,7,8,10
ZdbKU_KP6_KImapLv_0IbgOzRi5,Tech,5,6,7,8,10
xQGKu718zhN1FCERB2g6GTUuv7e,Tech,5,6,7,8,10
lcsZCyFrmUVPEkMnCGbdrx_hL43,Tech,5,6,7,8,10
PNcGZP6m7la7W5WUFCaJmhq8AJ6,Tech,5,6,7,8,10
KzFxoxG3Q3x9FCGj3KETtDBquN3,Tech,5,6,7,8,10
RuoQeo9fQAD4WgrhM94nczJb01k,Tech,5,6,7,8,10
mlikgNqQTxsjBXyB7L46fdq0bkg,Tech,5,6,7,8,10
qob1tHdmVpZHF06OmLvOnKIVcu,Tech,5,6,7,8,10
Ku8Oi4fbsSIqSGImjjQCkVysucj,Tech,5,6,7,8,10
VTmGMuwAHVDfGWawbwDgMvOW17l,Tech,5,6,7,8,10
p549A9Qo4KPzUfX0qKs_eko7Wjm,Tech,5,6,7,8,10
wvW8roHXG3ZFHgFaBckNIUVlVmh,Tech,5,6,7,8,10
gRCPFTsXHjDh6HsDHwLfIAxbmYa,Tech,5,6,7,8,10
YQQaOrg4CgKAVKDof1WHKeZfad4,Tech,5,6,7,8,10
RCIWE1JnU6rGyipWc1uuP2J41Hm,Tech,5,6,7,8,10
DcN7NYrLwXHr4MlWW5EixhQt8Ei,Tech,5,6,7,8,10
DV6yWpuH_4aPIBeFNr9s_HJ2ubh,Tech,5,6,7,8,10
aGMpQ0gXBTXuLkvBnAqZy8mJOTm,Tech,5,6,7,8,10
rQBxW8Js8erArs2Sz5RQm0oscMd,Tech,5,6,7,8,10
Wl8RkaIfh5F2GjkOi7Pv_SBhmdk,Tech,5,6,7,8,10
FHsmuM4Zl1SyRak4mc6ngFXXII1,Tech,5,6,7,8,10
PzP8vKY2esmCW0LjWbi8QB_Aks5,Tech,5,6,7,8,10
XTc1Pmio_vG_pe0ULUjEooNnPm4,Plastic,5,6,7,8,10
mijbrgeyRo6XyjlulEE6QhZSQNm,Plastic,5,6,7,8,10
U0V1uwRuT4CVoJNfEJOI4l3zII7,Plastic,5,6,7,8,10
SMTt5FhRD981YL8gg16zaXMU20e,Plastic,5,6,7,8,10
v1BTlEm7dgM_mGVCQiu1aZw6LEm,Plastic,5,6,7,8,10
DUW55Q6Xal69GPjgO5Y95NtSaYl,Plastic,5,6,7,8,10
7xgnMnxO5ariWbUHksrLLCDGPN1,Plastic,5,6,7,8,10
h0GiksDQnJ6y79pKNC9IkJ3Q5yj,Plastic,5,6,7,8,10
Gox_IOw_pBT8P3ln0PvHPSDFlDh,Plastic,5,6,7,8,10
bu7RaelpfGLjRL_8OQIJho2xK99,Plastic,5,6,7,8,10
DTNGAZyaoS2Zql4RrpoHR1hyCik,Plastic,5,6,7,8,10
ZLiVLr4gFjx8mk7RnJtxqtGgw14,Plastic,5,6,7,8,10
ucmjtSeVGXatpxi5pDH4sO9TONa,Plastic,5,6,7,8,10
wTraZP419gl70qPKfTuBfeimoFl,Plastic,5,6,7,8,10
ywXncceZjgye9FhpUGcHPyDu3k,Plastic,5,6,7,8,10
9tEP7s6y_ijEnTUXC42EKyos8Ae,Plastic,5,6,7,8,10
Fh_GhNThDq6s_6ibuP1_hEPocLl,Plastic,5,6,7,8,10
B9bRMOuF60_t9Hl6pgS4ZY9q5zd,Plastic,5,6,7,8,10
1NrBY8wVzupcTEhg80P0Xi9s9Zh,Plastic,5,6,7,8,10
5ICuBA16jEjYhZezOEcFnX72d4n,Plastic,5,6,7,8,10
02BUfAIy8thMM1QxsWs_CqmPZ31,Plastic,5,6,7,8,10
bdwG6macMSUSZOcDtlwIsr5nVP5,Plastic,5,6,7,8,10
JqczU2lKXv8kOrIrlJwK38BObT0,Plastic,5,6,7,8,10
9cidaaGwZTPFQudaTtXpGZxH1A3,Plastic,5,6,7,8,10
7V7c9CMkvpTTdQDLE0hzf8YwZB8,Plastic,5,6,7,8,10
Y2bQgvqir3OfalJIZgFlciu8K99,Plastic,5,6,7,8,10
VENWcMWf7wS25h3EHchxHPNa6Vk,Plastic,5,6,7,8,10
_WicqsXS0PAfADw3FLwYy9a0Mg1,Plastic,5,6,7,8,10
HWjhOtKPYqu9BPpr5Kt0OpeHRh0,Plastic,5,6,7,8,10
V3d0ubnf48LtzvZpfmYkxGrd7O4,Plastic,5,6,7,8,10
LodEONa_WssFm2YlbHPW3HgIAZf,Plastic,5,6,7,8,10
6WcxvJ78xya6PwsYri8iM2qOYda,Plastic,5,6,7,8,10
mZi4cAXiQjhUrQrWdjJSg1tbTZ6,Plastic,5,6,7,8,10
pgGvv1JkZRS3BUvgXVFuVi1DN65,Plastic,5,6,7,8,10
znU6BPC2cd0BaSmtKSeea32RSmi,Plastic,5,6,7,8,10
jZTlcO3TqpPvYnSQDN4l8q_ikzg,Plastic,5,6,7,8,10
aRYjaEkOVpfNLVsz32JUa381g52,Plastic,5,6,7,8,10
lstSbBa3IkMqbfqMfBsHNmkDlWa,Plastic,5,6,7,8,10
IuevtzcRWf_dxrzv2YNoCcoPX3b,Plastic,5,6,7,8,10
CQFoKb2BnXLpxA8AEogi3HsHDH8,Plastic,5,6,7,8,10
XQbC_DPlpHUMYQnRXVtQYX7a0sf,Plastic,5,6,7,8,10
bXT3K8fxp6AaG45ILApaAh7Ir14,Plastic,5,6,7,8,10
AOY1u65MlroTUGDfjupOUDREm_0,Plastic,5,6,7,8,10
dCttZrii3Uq7d2Mv4gaUtivT_Vd,Plastic,5,6,7,8,10
7bspXZzCrmV0T9eVAzz1XRNR9V9,Plastic,5,6,7,8,10
R6IKIPRtOIXpmG3Z2biwh6mASLe,Grass,5,6,7,8,10
tHoRQLOInh2DuT3PyDuEYpKRcWb,Grass,5,6,7,8,10
eq7heioeL9QpSJTkGETF5dWjCj4,Grass,5,6,7,8,10
5vHhWTH9RmsoX5yj949bGudzR05,Grass,5,6,7,8,10
d4Gs_m56VVcsUBGO0i9CIroMok5,Grass,5,6,7,8,10
bQFp2Izp8UZvx2o72q_ZyUgwqZm,Grass,5,6,7,8,10
xQdA8HNlV3e2Yvj7AFwHbqvVLD1,Grass,5,6,7,8,10
EW6Acg8rC1quHHUUjmsTG_HhC3,Grass,5,6,7,8,10
0HIBMF_kVunpsgUApVpES7oBsb7,Grass,5,6,7,8,10
nPUYOxceaXed3_GWfFxr1yc42me,Grass,5,6,7,8,10
yLrbCqIB_tg1OPUosmHABpwUzw,Grass,5,6,7,8,10
VolHWLGmnxTfkg7rxd_HiFbcAah,Grass,5,6,7,8,10
sBZNDyAuaLuMnlCUrzf8y7jEZLi,Grass,5,6,7,8,10
OigEg1_WXbL6KNbtRg40kC2qra2,Grass,5,6,7,8,10
rhLG8sdiQrOw24xShMUuCKfRfjm,Grass,5,6,7,8,10
A138fTkhN7C5mg8JhH7HntVFbX5,Grass,5,6,7,8,10
t33RxOyTWhoZYtYfQPl92I7dI58,Grass,5,6,7,8,10
RENIAHYg_13EIJRujHnz6aGj1u0,Grass,5,6,7,8,10
84eXQxZ1I_UUhUDDiNc6fd5z8h2,Grass,5,6,7,8,10
9N9coHBFdbF2rU1AEjeZnS_hpH4,Grass,5,6,7,8,10
2VYxwABSqP4LIM9_8vrzBALZ3l1,Grass,5,6,7,8,10
avZM3eSiuJj322URGfIia5fm8Q7,Grass,5,6,7,8,10
zAhrXaGBwXq8MV89qwXoriSaZic,Grass,5,6,7,8,10
ctSiIuYMX1pEYj3BYsTh4pLgcKd,Grass,5,6,7,8,10
ee9OIkfHPZCRSPw8KOPOlTcwpt5,Grass,5,6,7,8,10
_i429uK1CgBK3wvH3wjDMY9emQg,Grass,5,6,7,8,10
ZYHvLrCDS3dC6hRcStJPV4xvYHe,Grass,5,6,7,8,10
zFkmZ_GctRhZ8n9sY_VthirvSKe,Grass,5,6,7,8,10
cR82JDY_JwSbGVnG_btr8DMa4Sa,Grass,5,6,7,8,10
afQVVz8l1GyDm6JUso_ye66if10,Grass,5,6,7,8,10
JSUR48ZkCzbCbMDuwbWj_bRulyh,Grass,5,6,7,8,10
2uskyEVT1A1_Qp4bTb0hYqzl_L0,Grass,5,6,7,8,10
ECzNE0z9RrCazK3m09fRHoo9YW3,Grass,5,6,7,8,10
Ox7SkAiUI1fNHhfPnsrVZJ6ofqe,Grass,5,6,7,8,10
pVR_2WAKuxuDAKPavoWMgDhqW03,Grass,5,6,7,8,10
Ht0pWAFFIIudrtEyBP_0kjsk6H5,Grass,5,6,7,8,10
q6aF_31hvqqyzn8grNVmX628lr2,Grass,5,6,7,8,10
JrTCfHtWRA_7cmqkCg1zDGzfLE2,Grass,5,6,7,8,10
3uAs_JvnMemK5lien_tkSpXjlh5,Grass,5,6,7,8,10
d65x6OUidMk4m62zwPJoFAP1ctc,Grass,5,6,7,8,10
iMUJqFWDwgoSQS8Hz616sC_Uo9,Grass,5,6,7,8,10
yO4aApTxiDcKznUTTSyMkVVvUB5,Grass,5,6,7,8,10
HVso7KIGJVxn2FvHcr2eZnv_22,Grass,5,6,7,8,10
4bfUT7WEjHBLnZaJqJWBTALqsna,Grass,5,6,7,8,10
xICOHVvVCWRJca2yyUHjYkGyiYl,Grass,5,6,7,8,10
89I3ZHH0qhCtGYfX3vOf90jz2h4,Grass,5,6,7,8,10
tqLAw8n_5_okaSIKHV1otOghBnj,Grass,5,6,7,8,10
MEOdjWCuVts3k3RguAemyswGFo1,Grass,5,6,7,8,10
ClF9ty2T55DZq4a8619TMvke5P7,Grass,5,6,7,8,10
Ctezw04SYS1L4xRI_IzlOrJiZP9,Grass,5,6,7,8,10
s_uPPKrDyDg2HD6lzEBdS75mQif,Grass,5,6,7,8,10
IAiepqIuVmr_w7SeRcJEd7vAR61,Grass,5,6,7,8,10
_98NoAkGiXndXtlT5P89FjYyb43,Grass,5,6,7,8,10
ePUa1qU_qi5JZNHcH2bvnXTIRB7,Grass,5,6,7,8,10
312yiKCN7DTfJbxTHgu4Ko7moY6,Grass,5,6,7,8,10
EW60LExBMwP2ccUsbyNo_NUcsUe,Grass,5,6,7,8,10
6VD7I8i9mqfDEzTzvptzmjbrNq,Grass,5,6,7,8,10
